id,area,source,clause,condition,requirement,status,implementation,evidence,proves,gap,detail
STO-001,СТО,СТО 02068410-004-2018 (edition 2019; local copy not published),1.1,Область применения и нормативные ссылки; выбор регламента,"Распространяется на отчёты о НИР обучающихся (ВО обязательно, СПО рекомендательно).",manual,—,—,Тип отчёта/profile выбирает пользователь; область применения не может быть выведена из DOCX.,Нужен выбор применимого учебного регламента/формы.,local-only: sto-matrix.md
STO-002,СТО,СТО 02068410-004-2018 (edition 2019; local copy not published),1.2,Область применения и нормативные ссылки; выбор регламента,Устанавливает структуру и правила оформления отчёта.,manual,—,—,Тип отчёта/profile выбирает пользователь; область применения не может быть выведена из DOCX.,Нужен выбор применимого учебного регламента/формы.,local-only: sto-matrix.md
STO-003,СТО,СТО 02068410-004-2018 (edition 2019; local copy not published),1.3,Область применения и нормативные ссылки; выбор регламента,Предназначен для обучающихся и работников университета.,manual,—,—,Тип отчёта/profile выбирает пользователь; область применения не может быть выведена из DOCX.,Нужен выбор применимого учебного регламента/формы.,local-only: sto-matrix.md
STO-004,СТО,СТО 02068410-004-2018 (edition 2019; local copy not published),2,Область применения и нормативные ссылки; выбор регламента,ГОСТ 2.105: общие требования к текстовым документам.,not applicable,—,—,СТО ссылается на внешний нормативный документ; генератор не доказывает его актуальность/применимость.,Проверка действующей редакции первоисточника и применимости к заданию.,local-only: sto-matrix.md
STO-005,СТО,СТО 02068410-004-2018 (edition 2019; local copy not published),2,Область применения и нормативные ссылки; выбор регламента,ГОСТ 2.106: текстовые документы.,not applicable,—,—,СТО ссылается на внешний нормативный документ; генератор не доказывает его актуальность/применимость.,Проверка действующей редакции первоисточника и применимости к заданию.,local-only: sto-matrix.md
STO-006,СТО,СТО 02068410-004-2018 (edition 2019; local copy not published),2,Область применения и нормативные ссылки; выбор регламента,ГОСТ 7.0.5: библиографические ссылки.,not applicable,—,—,СТО ссылается на внешний нормативный документ; генератор не доказывает его актуальность/применимость.,Проверка действующей редакции первоисточника и применимости к заданию.,local-only: sto-matrix.md
STO-007,СТО,СТО 02068410-004-2018 (edition 2019; local copy not published),2,Область применения и нормативные ссылки; выбор регламента,ГОСТ 7.1: библиографическая запись.,not applicable,—,—,СТО ссылается на внешний нормативный документ; генератор не доказывает его актуальность/применимость.,Проверка действующей редакции первоисточника и применимости к заданию.,local-only: sto-matrix.md
STO-008,СТО,СТО 02068410-004-2018 (edition 2019; local copy not published),2,Область применения и нормативные ссылки; выбор регламента,ГОСТ 7.32: отчёт о НИР.,not applicable,—,—,СТО ссылается на внешний нормативный документ; генератор не доказывает его актуальность/применимость.,Проверка действующей редакции первоисточника и применимости к заданию.,local-only: sto-matrix.md
STO-009,СТО,СТО 02068410-004-2018 (edition 2019; local copy not published),2,Область применения и нормативные ссылки; выбор регламента,ГОСТ 8.417: единицы величин.,not applicable,—,—,СТО ссылается на внешний нормативный документ; генератор не доказывает его актуальность/применимость.,Проверка действующей редакции первоисточника и применимости к заданию.,local-only: sto-matrix.md
STO-010,СТО,СТО 02068410-004-2018 (edition 2019; local copy not published),2,Область применения и нормативные ссылки; выбор регламента,ГОСТ Р 2.105: текстовые документы.,not applicable,—,—,СТО ссылается на внешний нормативный документ; генератор не доказывает его актуальность/применимость.,Проверка действующей редакции первоисточника и применимости к заданию.,local-only: sto-matrix.md
STO-011,СТО,СТО 02068410-004-2018 (edition 2019; local copy not published),2,Область применения и нормативные ссылки; выбор регламента,ГОСТ Р 7.0.100: библиографическое описание.,not applicable,—,—,СТО ссылается на внешний нормативный документ; генератор не доказывает его актуальность/применимость.,Проверка действующей редакции первоисточника и применимости к заданию.,local-only: sto-matrix.md
STO-012,СТО,СТО 02068410-004-2018 (edition 2019; local copy not published),2,Область применения и нормативные ссылки; выбор регламента,ГОСТ Р 7.0.97: организационно-распорядительные документы.,not applicable,—,—,СТО ссылается на внешний нормативный документ; генератор не доказывает его актуальность/применимость.,Проверка действующей редакции первоисточника и применимости к заданию.,local-only: sto-matrix.md
STO-013,СТО,СТО 02068410-004-2018 (edition 2019; local copy not published),3.1,При использовании соответствующей конструкции; состав документа задаётся профилем/заданием,Формат листа A4 210×297 мм,partial,src/app/builder.ts:123-154,tests/generator/run_generated_docx_validation.ts:123-142,Создаётся один section.,Нет exact проверки w:pgSz A4.,local-only: sto-matrix.md
STO-014,СТО,СТО 02068410-004-2018 (edition 2019; local copy not published),3.1,При использовании соответствующей конструкции; состав документа задаётся профилем/заданием,Печать на одной стороне листа,not applicable,—,—,"Это параметр печати, не DOCX.",Проверка настройки принтера/распечатки.,local-only: sto-matrix.md
STO-015,СТО,СТО 02068410-004-2018 (edition 2019; local copy not published),3.2,При использовании соответствующей конструкции; состав документа задаётся профилем/заданием,Только чёрный текст,partial,src/shared/config/sto-rules.json:17-21,src/shared/lib/sto-validator.ts:669-729,Default style color 000000.,Нет effective run-color проверки.,local-only: sto-matrix.md
STO-016,СТО,СТО 02068410-004-2018 (edition 2019; local copy not published),3.2,При использовании соответствующей конструкции; состав документа задаётся профилем/заданием,Шрифт Times New Roman,partial,src/shared/config/sto-rules.json:17-20,src/shared/lib/sto-validator.ts:710-718,Default font проверен.,Нет local font override проверки.,local-only: sto-matrix.md
STO-017,СТО,СТО 02068410-004-2018 (edition 2019; local copy not published),3.2,При использовании соответствующей конструкции; состав документа задаётся профилем/заданием,Кегль от 12 до 14 pt,partial,src/shared/config/sto-rules.json:17-20,src/shared/lib/sto-validator.ts:715-718,14 pt входит в диапазон.,Валидатор требует ровно 14; local runs не проверены.,local-only: sto-matrix.md
STO-018,СТО,СТО 02068410-004-2018 (edition 2019; local copy not published),3.2,При использовании соответствующей конструкции; состав документа задаётся профилем/заданием,Полужирный шрифт не применять,manual,src/shared/config/sto-heading-styles.ts:36; src/widgets/title-page/lib/title-page.ts:435-449,tests/parser/run_parser_tests.ts:259-265,Код использует bold для заголовков/титула; методическое указание разрешает bold headings.,Решение о приоритете буквального СТО и методички; не безусловный defect.,local-only: sto-matrix.md
STO-019,СТО,СТО 02068410-004-2018 (edition 2019; local copy not published),3.2,При использовании соответствующей конструкции; состав документа задаётся профилем/заданием,"Межстрочный интервал 1,5",partial,src/shared/config/sto-rules.json:22; src/shared/config/sto-styles.ts:109-136,src/shared/lib/sto-validator.ts:705-708,"Normal w:line=360, lineRule=auto = 1.5 строки (1/240 строки).",Подписи/таблицы имеют w:line=240; direct pPr не проверяются.,local-only: sto-matrix.md
STO-020,СТО,СТО 02068410-004-2018 (edition 2019; local copy not published),3.2,При использовании соответствующей конструкции; состав документа задаётся профилем/заданием,Выравнивание основного текста по ширине,partial,src/shared/config/sto-styles.ts:109-136,src/shared/lib/sto-validator.ts:720-723,Normal justified.,Нет direct pPr проверки.,local-only: sto-matrix.md
STO-021,СТО,СТО 02068410-004-2018 (edition 2019; local copy not published),3.2,При использовании соответствующей конструкции; состав документа задаётся профилем/заданием,"Абзацный отступ 1,25 см",partial,src/shared/config/sto-rules.json:24; src/shared/config/sto-styles.ts:127-136,src/shared/lib/sto-validator.ts:720-723,firstLine 709 twips ≈1.25 cm.,Нет effective pPr проверки.,local-only: sto-matrix.md
STO-022,СТО,СТО 02068410-004-2018 (edition 2019; local copy not published),3.2,При использовании соответствующей конструкции; состав документа задаётся профилем/заданием,"Поля: left 30 mm, right 15 mm, top/bottom 20 mm",implemented,src/shared/config/sto-rules.json:33-39; src/app/builder.ts:128-135,src/shared/lib/sto-validator.ts:725-728,Все section margins exact 1701/850/1134 twips.,Нет PDF physical-layout proof.,local-only: sto-matrix.md
STO-023,СТО,СТО 02068410-004-2018 (edition 2019; local copy not published),3.2,При использовании соответствующей конструкции; состав документа задаётся профилем/заданием,Direct paragraph properties должны сохранять типографику,missing,src/shared/lib/sto-validator.ts:669-729,[local-only evidence]; [local-only evidence],Baseline и malformed direct pPr body paragraph проходят 40/40.,Нужен effective-style/direct-pPr обход каждого абзаца.,local-only: sto-matrix.md
STO-024,СТО,СТО 02068410-004-2018 (edition 2019; local copy not published),3.3,При использовании соответствующей конструкции; состав документа задаётся профилем/заданием,Ручные исправления допускаются при отсутствии помарок,not applicable,—,—,Чисто физическое требование.,Визуальный осмотр бумаги.,local-only: sto-matrix.md
STO-025,СТО,СТО 02068410-004-2018 (edition 2019; local copy not published),3.4,При использовании соответствующей конструкции; состав документа задаётся профилем/заданием,Каждый структурный элемент и раздел начинают с новой страницы,partial,src/shared/config/sto-styles.ts:140-186; src/shared/config/sto-heading-styles.ts:53,src/shared/lib/sto-template-style-validator.ts:226-265,Structural/H1 styles pageBreakBefore.,H2+ и фактическая pagination не доказаны.,local-only: sto-matrix.md
STO-026,СТО,СТО 02068410-004-2018 (edition 2019; local copy not published),4.1.1,При использовании соответствующей конструкции; состав документа задаётся профилем/заданием,Титульный лист в структуре,partial,"src/shared/lib/report-config.ts:103-124; src/shared/lib/source-preflight/structure-checker.ts:45-60,226-271",tests/generator/front_matter_docx_test.ts:231-239; tests/source-preflight/run_source_preflight_tests.ts,Profile/order covers principal front matter and structure.,Definitions/acronyms and complete arbitrary-document order lack model/strict check.,local-only: sto-matrix.md
STO-027,СТО,СТО 02068410-004-2018 (edition 2019; local copy not published),4.1.1,При использовании соответствующей конструкции; состав документа задаётся профилем/заданием,Задание включается при наличии,partial,"src/shared/lib/report-config.ts:103-124; src/shared/lib/source-preflight/structure-checker.ts:45-60,226-271",tests/generator/front_matter_docx_test.ts:231-239; tests/source-preflight/run_source_preflight_tests.ts,Profile/order covers principal front matter and structure.,Definitions/acronyms and complete arbitrary-document order lack model/strict check.,local-only: sto-matrix.md
STO-028,СТО,СТО 02068410-004-2018 (edition 2019; local copy not published),4.1.1,При использовании соответствующей конструкции; состав документа задаётся профилем/заданием,Реферат в структуре,partial,"src/shared/lib/report-config.ts:103-124; src/shared/lib/source-preflight/structure-checker.ts:45-60,226-271",tests/generator/front_matter_docx_test.ts:231-239; tests/source-preflight/run_source_preflight_tests.ts,Profile/order covers principal front matter and structure.,Definitions/acronyms and complete arbitrary-document order lack model/strict check.,local-only: sto-matrix.md
STO-029,СТО,СТО 02068410-004-2018 (edition 2019; local copy not published),4.1.1,При использовании соответствующей конструкции; состав документа задаётся профилем/заданием,Содержание в структуре,partial,"src/shared/lib/report-config.ts:103-124; src/shared/lib/source-preflight/structure-checker.ts:45-60,226-271",tests/generator/front_matter_docx_test.ts:231-239; tests/source-preflight/run_source_preflight_tests.ts,Profile/order covers principal front matter and structure.,Definitions/acronyms and complete arbitrary-document order lack model/strict check.,local-only: sto-matrix.md
STO-030,СТО,СТО 02068410-004-2018 (edition 2019; local copy not published),4.1.1,При использовании соответствующей конструкции; состав документа задаётся профилем/заданием,Введение в структуре,partial,"src/shared/lib/report-config.ts:103-124; src/shared/lib/source-preflight/structure-checker.ts:45-60,226-271",tests/generator/front_matter_docx_test.ts:231-239; tests/source-preflight/run_source_preflight_tests.ts,Profile/order covers principal front matter and structure.,Definitions/acronyms and complete arbitrary-document order lack model/strict check.,local-only: sto-matrix.md
STO-031,СТО,СТО 02068410-004-2018 (edition 2019; local copy not published),4.1.1,При использовании соответствующей конструкции; состав документа задаётся профилем/заданием,Заключение в структуре,partial,"src/shared/lib/report-config.ts:103-124; src/shared/lib/source-preflight/structure-checker.ts:45-60,226-271",tests/generator/front_matter_docx_test.ts:231-239; tests/source-preflight/run_source_preflight_tests.ts,Profile/order covers principal front matter and structure.,Definitions/acronyms and complete arbitrary-document order lack model/strict check.,local-only: sto-matrix.md
STO-032,СТО,СТО 02068410-004-2018 (edition 2019; local copy not published),4.1.1,При использовании соответствующей конструкции; состав документа задаётся профилем/заданием,Определения в структуре при необходимости,partial,"src/shared/lib/report-config.ts:103-124; src/shared/lib/source-preflight/structure-checker.ts:45-60,226-271",tests/generator/front_matter_docx_test.ts:231-239; tests/source-preflight/run_source_preflight_tests.ts,Profile/order covers principal front matter and structure.,Definitions/acronyms and complete arbitrary-document order lack model/strict check.,local-only: sto-matrix.md
STO-033,СТО,СТО 02068410-004-2018 (edition 2019; local copy not published),4.1.1,При использовании соответствующей конструкции; состав документа задаётся профилем/заданием,Обозначения и сокращения в структуре при необходимости,partial,"src/shared/lib/report-config.ts:103-124; src/shared/lib/source-preflight/structure-checker.ts:45-60,226-271",tests/generator/front_matter_docx_test.ts:231-239; tests/source-preflight/run_source_preflight_tests.ts,Profile/order covers principal front matter and structure.,Definitions/acronyms and complete arbitrary-document order lack model/strict check.,local-only: sto-matrix.md
STO-034,СТО,СТО 02068410-004-2018 (edition 2019; local copy not published),4.1.1,При использовании соответствующей конструкции; состав документа задаётся профилем/заданием,Список источников в структуре,partial,"src/shared/lib/report-config.ts:103-124; src/shared/lib/source-preflight/structure-checker.ts:45-60,226-271",tests/generator/front_matter_docx_test.ts:231-239; tests/source-preflight/run_source_preflight_tests.ts,Profile/order covers principal front matter and structure.,Definitions/acronyms and complete arbitrary-document order lack model/strict check.,local-only: sto-matrix.md
STO-035,СТО,СТО 02068410-004-2018 (edition 2019; local copy not published),4.1.1,При использовании соответствующей конструкции; состав документа задаётся профилем/заданием,Приложения в структуре при наличии,partial,"src/shared/lib/report-config.ts:103-124; src/shared/lib/source-preflight/structure-checker.ts:45-60,226-271",tests/generator/front_matter_docx_test.ts:231-239; tests/source-preflight/run_source_preflight_tests.ts,Profile/order covers principal front matter and structure.,Definitions/acronyms and complete arbitrary-document order lack model/strict check.,local-only: sto-matrix.md
STO-036,СТО,СТО 02068410-004-2018 (edition 2019; local copy not published),4.1.2,При использовании соответствующей конструкции; состав документа задаётся профилем/заданием,Structural heading: no number,partial,src/features/markdown-parser/lib/parser/handlers/sto-handler.ts:52-91,tests/generator/toc_regression.ts:45-80,Macro emits unnumbered heading.,Manual Markdown heading can be used instead.,local-only: sto-matrix.md
STO-037,СТО,СТО 02068410-004-2018 (edition 2019; local copy not published),4.1.2,При использовании соответствующей конструкции; состав документа задаётся профилем/заданием,Structural heading: centered,implemented,src/shared/config/sto-styles.ts:140-186,src/shared/lib/sto-template-style-validator.ts:226-265,Style center alignment.,No effective direct pPr proof.,local-only: sto-matrix.md
STO-038,СТО,СТО 02068410-004-2018 (edition 2019; local copy not published),4.1.2,При использовании соответствующей конструкции; состав документа задаётся профилем/заданием,Structural heading: uppercase,partial,src/shared/config/sto-styles.ts:140-186,src/shared/lib/sto-validator.ts:631-665,Style caps property.,Text source may not be uppercase; no rendered check.,local-only: sto-matrix.md
STO-039,СТО,СТО 02068410-004-2018 (edition 2019; local copy not published),4.1.2,При использовании соответствующей конструкции; состав документа задаётся профилем/заданием,Structural heading: no final dot,implemented,src/shared/lib/source-preflight/structure-checker.ts,tests/source-preflight/structure_reference_tests.ts,Source preflight rejects a structural heading with a final period.,Native Word output of this negative case is not needed for source rejection.,local-only: sto-matrix.md
STO-040,СТО,СТО 02068410-004-2018 (edition 2019; local copy not published),4.1.2,При использовании соответствующей конструкции; состав документа задаётся профилем/заданием,Structural heading: no underline,missing,—,—,—,Need run underline rule.,local-only: sto-matrix.md
STO-041,СТО,СТО 02068410-004-2018 (edition 2019; local copy not published),4.1.3,При использовании соответствующей конструкции; состав документа задаётся профилем/заданием,Main text may use sections/subsections/points/subpoints,partial,src/features/markdown-parser/lib/parser.ts; src/shared/config/sto-heading-styles.ts:7-55,tests/parser/run_parser_tests.ts:294-318,H1–H6 supported.,No appropriateness/required hierarchy proof.,local-only: sto-matrix.md
STO-042,СТО,СТО 02068410-004-2018 (edition 2019; local copy not published),4.1.4,При использовании соответствующей конструкции; состав документа задаётся профилем/заданием,Section has Arabic sequential number without final dot,partial,src/shared/config/sto-styles.ts:288-310,tests/generator/toc_regression.ts:59-69,Numbering template %1 suffix space.,No rendered label audit/restarts.,local-only: sto-matrix.md
STO-043,СТО,СТО 02068410-004-2018 (edition 2019; local copy not published),4.1.4,При использовании соответствующей конструкции; состав документа задаётся профилем/заданием,Section number/header use paragraph indent,partial,src/shared/config/sto-heading-styles.ts:28-55,src/shared/lib/sto-template-style-validator.ts:169-209,Style has firstLine 709.,No effective direct pPr proof.,local-only: sto-matrix.md
STO-044,СТО,СТО 02068410-004-2018 (edition 2019; local copy not published),4.1.5,При использовании соответствующей конструкции; состав документа задаётся профилем/заданием,Heading is clear and concise,manual,src/shared/lib/source-preflight/heading-checker.ts:4-60,tests/source-preflight/run_source_preflight_tests.ts,Empty/final-dot headings detected.,Semantic judgment cannot be proven.,local-only: sto-matrix.md
STO-045,СТО,СТО 02068410-004-2018 (edition 2019; local copy not published),4.1.5,При использовании соответствующей конструкции; состав документа задаётся профилем/заданием,Heading starts capital letter,missing,—,—,—,Need Russian casing rule.,local-only: sto-matrix.md
STO-046,СТО,СТО 02068410-004-2018 (edition 2019; local copy not published),4.1.5,При использовании соответствующей конструкции; состав документа задаётся профилем/заданием,Heading has no final dot,implemented,src/shared/lib/source-preflight/heading-checker.ts:20-44,tests/source-preflight/run_source_preflight_tests.ts,Final dot reported.,No DOCX manual edits coverage.,local-only: sto-matrix.md
STO-047,СТО,СТО 02068410-004-2018 (edition 2019; local copy not published),4.1.5,При использовании соответствующей конструкции; состав документа задаётся профилем/заданием,Heading has no underline,missing,—,—,—,Need source/XML run check.,local-only: sto-matrix.md
STO-048,СТО,СТО 02068410-004-2018 (edition 2019; local copy not published),4.1.5,При использовании соответствующей конструкции; состав документа задаётся профилем/заданием,Heading has no word wrapping/hyphenation,manual,—,—,—,Rendered Word layout review.,local-only: sto-matrix.md
STO-049,СТО,СТО 02068410-004-2018 (edition 2019; local copy not published),4.1.6,При использовании соответствующей конструкции; состав документа задаётся профилем/заданием,Multiple sentences in structural heading separated by dot; no final dot,missing,—,—,—,Need parser/source rule.,local-only: sto-matrix.md
STO-050,СТО,СТО 02068410-004-2018 (edition 2019; local copy not published),4.1.7,При использовании соответствующей конструкции; состав документа задаётся профилем/заданием,Number subsection as 1.1,partial,src/shared/config/sto-styles.ts:291-310,tests/parser/run_parser_tests.ts:294-318,Numbering template.,Rendered numbering unverified.,local-only: sto-matrix.md
STO-051,СТО,СТО 02068410-004-2018 (edition 2019; local copy not published),4.1.7,При использовании соответствующей конструкции; состав документа задаётся профилем/заданием,Number point as 1.1.1,partial,src/shared/config/sto-styles.ts:291-310,tests/parser/run_parser_tests.ts:294-318,Numbering template.,Rendered numbering unverified.,local-only: sto-matrix.md
STO-052,СТО,СТО 02068410-004-2018 (edition 2019; local copy not published),4.1.7,При использовании соответствующей конструкции; состав документа задаётся профилем/заданием,Number subpoint as 1.1.1.1,partial,src/shared/config/sto-styles.ts:291-310,tests/parser/run_parser_tests.ts:294-318,Numbering template.,Rendered numbering unverified.,local-only: sto-matrix.md
STO-053,СТО,СТО 02068410-004-2018 (edition 2019; local copy not published),4.1.8,При использовании соответствующей конструкции; состав документа задаётся профилем/заданием,Points/subpoints normally have no headings,manual,—,—,Generator permits headings.,Editorial structure review.,local-only: sto-matrix.md
STO-054,СТО,СТО 02068410-004-2018 (edition 2019; local copy not published),4.1.9,При использовании соответствующей конструкции; состав документа задаётся профилем/заданием,One child subsection/point still numbered,partial,src/shared/config/sto-styles.ts:291-310,tests/generator/toc_regression.ts:59-69,Every Markdown heading gets number.,No singleton tree analysis.,local-only: sto-matrix.md
STO-055,СТО,СТО 02068410-004-2018 (edition 2019; local copy not published),4.1.10,При использовании соответствующей конструкции; состав документа задаётся профилем/заданием,List marker without references: dash,partial,src/shared/lib/source-preflight/list-checker.ts:185-459,tests/source-preflight/run_source_preflight_tests.ts:447-475,STO list supported.,Parser accepts dotted/roman styles too.,local-only: sto-matrix.md
STO-056,СТО,СТО 02068410-004-2018 (edition 2019; local copy not published),4.1.10,При использовании соответствующей конструкции; состав документа задаётся профилем/заданием,List marker with references: Russian letter + ) without dot,partial,src/shared/lib/source-preflight/list-checker.ts:185-459,tests/parser/run_parser_tests.ts:343-389,Forbidden letters and 1). detected.,No intent/context distinction.,local-only: sto-matrix.md
STO-057,СТО,СТО 02068410-004-2018 (edition 2019; local copy not published),4.1.10,При использовании соответствующей конструкции; состав документа задаётся профилем/заданием,Nested list marker: Arabic digit + ) without dot,partial,src/shared/lib/source-preflight/list-checker.ts:354-416,tests/parser/run_parser_tests.ts:343-389,Nested output and marker sequence checked.,Parser allows non-STO alternatives.,local-only: sto-matrix.md
STO-058,СТО,СТО 02068410-004-2018 (edition 2019; local copy not published),4.1.10,При использовании соответствующей конструкции; состав документа задаётся профилем/заданием,List item has paragraph indent,partial,src/shared/config/sto-styles.ts:354-369,src/shared/lib/sto-validator.ts:914-917,Base/nested indents configured.,No every-output effective pPr check.,local-only: sto-matrix.md
STO-059,СТО,СТО 02068410-004-2018 (edition 2019; local copy not published),4.2.1,При использовании соответствующей конструкции; состав документа задаётся профилем/заданием,Arabic page numbers sequential through document,partial,src/app/builder.ts:128-150,src/shared/lib/sto-validator.ts:747-764,PAGE field start 1.,No multi-section rendered proof.,local-only: sto-matrix.md
STO-060,СТО,СТО 02068410-004-2018 (edition 2019; local copy not published),4.2.1,При использовании соответствующей конструкции; состав документа задаётся профилем/заданием,Page number bottom centered,implemented,src/app/builder.ts:128-150,src/shared/lib/sto-validator.ts:747-764,Default footer PAGE is centered.,No physical PDF proof.,local-only: sto-matrix.md
STO-061,СТО,СТО 02068410-004-2018 (edition 2019; local copy not published),4.2.1,При использовании соответствующей конструкции; состав документа задаётся профилем/заданием,Page number has no dot,partial,src/app/builder.ts:128-150,src/shared/lib/sto-validator.ts:747-764,Field exists.,No neighboring literal-dot check.,local-only: sto-matrix.md
STO-062,СТО,СТО 02068410-004-2018 (edition 2019; local copy not published),4.2.2,При использовании соответствующей конструкции; состав документа задаётся профилем/заданием,Title page included in counting,partial,src/app/builder.ts:131-150,tests/validator/run_validator_tests.ts:240-305,titlePage + PAGE start 1.,Word page counting not measured.,local-only: sto-matrix.md
STO-063,СТО,СТО 02068410-004-2018 (edition 2019; local copy not published),4.2.2,При использовании соответствующей конструкции; состав документа задаётся профилем/заданием,Title page number not displayed,partial,src/app/builder.ts:131-150,src/shared/lib/sto-validator.ts:747-764,First footer has no PAGE.,No physical layout proof.,local-only: sto-matrix.md
STO-064,СТО,СТО 02068410-004-2018 (edition 2019; local copy not published),5.1.1,Только если выбран соответствующий раздел/форма; не требование добавить его в любую лабораторную,Title is first page,manual,"src/app/builder.ts:114,152; src/widgets/title-page/lib/title-page.ts:371-449",tests/generator/front_matter_docx_test.ts:231-297,Title/inserted assignment can be generated/preserved.,"Faculty form, approval and visual sample conformance.",local-only: sto-matrix.md
STO-065,СТО,СТО 02068410-004-2018 (edition 2019; local copy not published),5.1.1,Только если выбран соответствующий раздел/форма; не требование добавить его в любую лабораторную,Title uses form or independently designed template,manual,"src/app/builder.ts:114,152; src/widgets/title-page/lib/title-page.ts:371-449",tests/generator/front_matter_docx_test.ts:231-297,Title/inserted assignment can be generated/preserved.,"Faculty form, approval and visual sample conformance.",local-only: sto-matrix.md
STO-066,СТО,СТО 02068410-004-2018 (edition 2019; local copy not published),5.1.2,Только если выбран соответствующий раздел/форма; не требование добавить его в любую лабораторную,VKR title corresponds to Appendix A sample,manual,"src/app/builder.ts:114,152; src/widgets/title-page/lib/title-page.ts:371-449",tests/generator/front_matter_docx_test.ts:231-297,Title/inserted assignment can be generated/preserved.,"Faculty form, approval and visual sample conformance.",local-only: sto-matrix.md
STO-067,СТО,СТО 02068410-004-2018 (edition 2019; local copy not published),5.2.1,Только если выбран соответствующий раздел/форма; не требование добавить его в любую лабораторную,Assignment is standard form,manual,"src/app/builder.ts:114,152; src/widgets/title-page/lib/title-page.ts:371-449",tests/generator/front_matter_docx_test.ts:231-297,Title/inserted assignment can be generated/preserved.,"Faculty form, approval and visual sample conformance.",local-only: sto-matrix.md
STO-068,СТО,СТО 02068410-004-2018 (edition 2019; local copy not published),5.2.2,Только если выбран соответствующий раздел/форма; не требование добавить его в любую лабораторную,Assignment is agreed with supervisor,manual,"src/app/builder.ts:114,152; src/widgets/title-page/lib/title-page.ts:371-449",tests/generator/front_matter_docx_test.ts:231-297,Title/inserted assignment can be generated/preserved.,"Faculty form, approval and visual sample conformance.",local-only: sto-matrix.md
STO-069,СТО,СТО 02068410-004-2018 (edition 2019; local copy not published),5.3.1,Только если выбран соответствующий раздел/форма; не требование добавить его в любую лабораторную,Referat states page count,partial,scripts/sto_post_build/word_automation.py:324-414,scripts/sto_post_build/orchestrator.py:40-96,Post-build resyncs pages from exported PDF.,accept:word is separate and does not invoke post-build.,local-only: sto-matrix.md
STO-070,СТО,СТО 02068410-004-2018 (edition 2019; local copy not published),5.3.1,Только если выбран соответствующий раздел/форма; не требование добавить его в любую лабораторную,Referat states figures count,partial,scripts/sto_post_build/models.py; scripts/sto_post_build/orchestrator.py:40-45,scripts/sto_post_build/orchestrator.py:40-96,FIGURES replacement in post-build.,No portable preflight required placeholder.,local-only: sto-matrix.md
STO-071,СТО,СТО 02068410-004-2018 (edition 2019; local copy not published),5.3.1,Только если выбран соответствующий раздел/форма; не требование добавить его в любую лабораторную,Referat states tables count,partial,scripts/sto_post_build/models.py; scripts/sto_post_build/orchestrator.py:40-45,scripts/sto_post_build/orchestrator.py:40-96,TABLES replacement in post-build.,No portable preflight required placeholder.,local-only: sto-matrix.md
STO-072,СТО,СТО 02068410-004-2018 (edition 2019; local copy not published),5.3.1,Только если выбран соответствующий раздел/форма; не требование добавить его в любую лабораторную,Referat states sources count,partial,scripts/sto_post_build/models.py; scripts/sto_post_build/orchestrator.py:40-45,scripts/sto_post_build/orchestrator.py:40-96,SOURCES replacement in post-build.,Counts source structure only.,local-only: sto-matrix.md
STO-073,СТО,СТО 02068410-004-2018 (edition 2019; local copy not published),5.3.1,Только если выбран соответствующий раздел/форма; не требование добавить его в любую лабораторную,Referat states appendices count,missing,—,—,—,No APPENDICES model/placeholder.,local-only: sto-matrix.md
STO-074,СТО,СТО 02068410-004-2018 (edition 2019; local copy not published),5.3.1,Только если выбран соответствующий раздел/форма; не требование добавить его в любую лабораторную,Referat states graphic-document sheets/formats when applicable,manual,—,—,—,Profile-specific fields and validation.,local-only: sto-matrix.md
STO-075,СТО,СТО 02068410-004-2018 (edition 2019; local copy not published),5.3.2,Только если выбран соответствующий раздел/форма; не требование добавить его в любую лабораторную,Keywords count 5–15,implemented,src/shared/config/sto-rules.json:70-73; src/shared/lib/source-preflight/referat-checker.ts:61-102,tests/parser/run_parser_tests.ts:174-195,Range is checked.,No semantic keyword proof.,local-only: sto-matrix.md
STO-076,СТО,СТО 02068410-004-2018 (edition 2019; local copy not published),5.3.2,Только если выбран соответствующий раздел/форма; не требование добавить его в любую лабораторную,Keywords are nominative case,manual,—,—,—,Russian morphology review.,local-only: sto-matrix.md
STO-077,СТО,СТО 02068410-004-2018 (edition 2019; local copy not published),5.3.2,Только если выбран соответствующий раздел/форма; не требование добавить его в любую лабораторную,Keywords uppercase and comma-separated,partial,src/shared/lib/source-preflight/referat-checker.ts:61-102,tests/parser/run_parser_tests.ts:174-195,Uppercase/comma/no-final-dot checked.,No visual no-wrap proof.,local-only: sto-matrix.md
STO-078,СТО,СТО 02068410-004-2018 (edition 2019; local copy not published),5.3.2,Только если выбран соответствующий раздел/форма; не требование добавить его в любую лабораторную,Keywords paragraph indent and no final dot,partial,src/shared/config/sto-styles.ts; src/shared/lib/source-preflight/referat-checker.ts:61-102,tests/parser/run_parser_tests.ts:174-195,709 indent style and no-final-dot source check.,No direct style/layout proof.,local-only: sto-matrix.md
STO-079,СТО,СТО 02068410-004-2018 (edition 2019; local copy not published),5.3.3,Только если выбран соответствующий раздел/форма; не требование добавить его в любую лабораторную,Referat gives object,partial,src/shared/lib/source-preflight/referat-checker.ts:104-116,tests/source-preflight/run_source_preflight_tests.ts,Object marker only.,No semantic proof.,local-only: sto-matrix.md
STO-080,СТО,СТО 02068410-004-2018 (edition 2019; local copy not published),5.3.3,Только если выбран соответствующий раздел/форма; не требование добавить его в любую лабораторную,Referat gives goal,partial,src/shared/lib/source-preflight/referat-checker.ts:104-116,tests/source-preflight/run_source_preflight_tests.ts,Goal marker only.,No semantic proof.,local-only: sto-matrix.md
STO-081,СТО,СТО 02068410-004-2018 (edition 2019; local copy not published),5.3.3,Только если выбран соответствующий раздел/форма; не требование добавить его в любую лабораторную,Referat gives results/novelty,partial,src/shared/lib/source-preflight/referat-checker.ts:104-116,tests/source-preflight/run_source_preflight_tests.ts,Result marker only.,Novelty not checked.,local-only: sto-matrix.md
STO-082,СТО,СТО 02068410-004-2018 (edition 2019; local copy not published),5.3.3,Только если выбран соответствующий раздел/форма; не требование добавить его в любую лабораторную,Referat gives main characteristics,missing,—,—,—,Need marker/content rule.,local-only: sto-matrix.md
STO-083,СТО,СТО 02068410-004-2018 (edition 2019; local copy not published),5.3.3,Только если выбран соответствующий раздел/форма; не требование добавить его в любую лабораторную,Referat gives application area,missing,—,—,—,Need marker/content rule.,local-only: sto-matrix.md
STO-084,СТО,СТО 02068410-004-2018 (edition 2019; local copy not published),5.3.3,Только если выбран соответствующий раздел/форма; не требование добавить его в любую лабораторную,VKR referat gives economic significance,manual,—,—,—,VKR profile/content check.,local-only: sto-matrix.md
STO-085,СТО,СТО 02068410-004-2018 (edition 2019; local copy not published),5.3.4,Только если выбран соответствующий раздел/форма; не требование добавить его в любую лабораторную,Referat text recommended ≤850 characters,partial,src/shared/lib/source-preflight/referat-checker.ts:118-130,tests/source-preflight/run_source_preflight_tests.ts,Warns after whole file length.,Does not isolate prose body; warning only.,local-only: sto-matrix.md
STO-086,СТО,СТО 02068410-004-2018 (edition 2019; local copy not published),5.4.1,Только если выбран соответствующий раздел/форма; не требование добавить его в любую лабораторную,TOC contains ВВЕДЕНИЕ and its start page,partial,src/features/markdown-parser/lib/parser/handlers/sto-handler.ts:82-90,tests/generator/toc_regression.ts:34-93,TOC field/mapping is generated.,Portable DOCX fields are not updated; completeness/page values unproven.,local-only: sto-matrix.md
STO-087,СТО,СТО 02068410-004-2018 (edition 2019; local copy not published),5.4.1,Только если выбран соответствующий раздел/форма; не требование добавить его в любую лабораторную,TOC contains ЗАКЛЮЧЕНИЕ and its start page,partial,src/features/markdown-parser/lib/parser/handlers/sto-handler.ts:82-90,tests/generator/toc_regression.ts:34-93,TOC field/mapping is generated.,Portable DOCX fields are not updated; completeness/page values unproven.,local-only: sto-matrix.md
STO-088,СТО,СТО 02068410-004-2018 (edition 2019; local copy not published),5.4.1,Только если выбран соответствующий раздел/форма; не требование добавить его в любую лабораторную,TOC contains СПИСОК ИСПОЛЬЗОВАННЫХ ИСТОЧНИКОВ and its start page,partial,src/features/markdown-parser/lib/parser/handlers/sto-handler.ts:82-90,tests/generator/toc_regression.ts:34-93,TOC field/mapping is generated.,Portable DOCX fields are not updated; completeness/page values unproven.,local-only: sto-matrix.md
STO-089,СТО,СТО 02068410-004-2018 (edition 2019; local copy not published),5.4.1,Только если выбран соответствующий раздел/форма; не требование добавить его в любую лабораторную,TOC contains ПРИЛОЖЕНИЯ and its start page,partial,src/features/markdown-parser/lib/parser/handlers/sto-handler.ts:82-90,tests/generator/toc_regression.ts:34-93,TOC field/mapping is generated.,Portable DOCX fields are not updated; completeness/page values unproven.,local-only: sto-matrix.md
STO-090,СТО,СТО 02068410-004-2018 (edition 2019; local copy not published),5.4.1,Только если выбран соответствующий раздел/форма; не требование добавить его в любую лабораторную,TOC contains numbered section/subsection titles and start pages,partial,src/features/markdown-parser/lib/parser/handlers/sto-handler.ts:82-90,tests/generator/toc_regression.ts:34-93,TOC H1–H4 field.,No all-heading or updated-page proof.,local-only: sto-matrix.md
STO-091,СТО,СТО 02068410-004-2018 (edition 2019; local copy not published),5.5.1,Только если выбран соответствующий раздел/форма; не требование добавить его в любую лабораторную,Introduction: current state and task,manual,—,—,Element can be represented in Markdown.,Academic/editorial review.,local-only: sto-matrix.md
STO-092,СТО,СТО 02068410-004-2018 (edition 2019; local copy not published),5.5.1,Только если выбран соответствующий раздел/форма; не требование добавить его в любую лабораторную,Introduction: input data,manual,—,—,Element can be represented in Markdown.,Academic/editorial review.,local-only: sto-matrix.md
STO-093,СТО,СТО 02068410-004-2018 (edition 2019; local copy not published),5.5.1,Только если выбран соответствующий раздел/форма; не требование добавить его в любую лабораторную,Introduction: rationale and method,manual,—,—,Element can be represented in Markdown.,Academic/editorial review.,local-only: sto-matrix.md
STO-094,СТО,СТО 02068410-004-2018 (edition 2019; local copy not published),5.5.1,Только если выбран соответствующий раздел/форма; не требование добавить его в любую лабораторную,Introduction: directive document if any,manual,—,—,Element can be represented in Markdown.,Academic/editorial review.,local-only: sto-matrix.md
STO-095,СТО,СТО 02068410-004-2018 (edition 2019; local copy not published),5.5.1,Только если выбран соответствующий раздел/форма; не требование добавить его в любую лабораторную,Introduction: relevance,manual,—,—,Element can be represented in Markdown.,Academic/editorial review.,local-only: sto-matrix.md
STO-096,СТО,СТО 02068410-004-2018 (edition 2019; local copy not published),5.5.1,Только если выбран соответствующий раздел/форма; не требование добавить его в любую лабораторную,Introduction: novelty,manual,—,—,Element can be represented in Markdown.,Academic/editorial review.,local-only: sto-matrix.md
STO-097,СТО,СТО 02068410-004-2018 (edition 2019; local copy not published),5.6.1,Только если выбран соответствующий раздел/форма; не требование добавить его в любую лабораторную,Main body scope set by department/standards,manual,—,—,Element can be represented in Markdown.,Academic/editorial review.,local-only: sto-matrix.md
STO-098,СТО,СТО 02068410-004-2018 (edition 2019; local copy not published),5.6.2,Только если выбран соответствующий раздел/форма; не требование добавить его в любую лабораторную,Main body describes essence,manual,—,—,Element can be represented in Markdown.,Academic/editorial review.,local-only: sto-matrix.md
STO-099,СТО,СТО 02068410-004-2018 (edition 2019; local copy not published),5.6.2,Только если выбран соответствующий раздел/форма; не требование добавить его в любую лабораторную,Main body describes method,manual,—,—,Element can be represented in Markdown.,Academic/editorial review.,local-only: sto-matrix.md
STO-100,СТО,СТО 02068410-004-2018 (edition 2019; local copy not published),5.6.2,Только если выбран соответствующий раздел/форма; не требование добавить его в любую лабораторную,Main body gives results,manual,—,—,Element can be represented in Markdown.,Academic/editorial review.,local-only: sto-matrix.md
STO-101,СТО,СТО 02068410-004-2018 (edition 2019; local copy not published),5.6.3,Только если выбран соответствующий раздел/форма; не требование добавить его в любую лабораторную,Main body may contain text/tables/illustrations,manual,—,—,Element can be represented in Markdown.,Academic/editorial review.,local-only: sto-matrix.md
STO-102,СТО,СТО 02068410-004-2018 (edition 2019; local copy not published),5.7.1,Только если выбран соответствующий раздел/форма; не требование добавить его в любую лабораторную,Conclusion contains concise findings,manual,—,—,Element can be represented in Markdown.,Academic/editorial review.,local-only: sto-matrix.md
STO-103,СТО,СТО 02068410-004-2018 (edition 2019; local copy not published),5.7.1,Только если выбран соответствующий раздел/форма; не требование добавить его в любую лабораторную,Conclusion assesses results,manual,—,—,Element can be represented in Markdown.,Academic/editorial review.,local-only: sto-matrix.md
STO-104,СТО,СТО 02068410-004-2018 (edition 2019; local copy not published),5.7.1,Только если выбран соответствующий раздел/форма; не требование добавить его в любую лабораторную,Conclusion may contain recommendations,manual,—,—,Element can be represented in Markdown.,Academic/editorial review.,local-only: sto-matrix.md
STO-105,СТО,СТО 02068410-004-2018 (edition 2019; local copy not published),5.8.1,Только если выбран соответствующий раздел/форма; не требование добавить его в любую лабораторную,"Definitions/symbols/acronyms: two-column alphabetic list, dash explanation and units",missing,—,—,—,No supported semantic block/parser/validator.,local-only: sto-matrix.md
STO-106,СТО,СТО 02068410-004-2018 (edition 2019; local copy not published),5.9.1,Только если выбран соответствующий раздел/форма; не требование добавить его в любую лабораторную,Sources appear after conclusion and before appendices,partial,src/shared/lib/source-preflight/structure-checker.ts:110-122,tests/source-preflight/run_source_preflight_tests.ts,Appendix before sources error where sources exist.,Universal profile intentionally lets citation-free reports omit sources.,local-only: sto-matrix.md
STO-107,СТО,СТО 02068410-004-2018 (edition 2019; local copy not published),5.9.2,Только если выбран соответствующий раздел/форма; не требование добавить его в любую лабораторную,Bibliographic descriptions follow applicable GOST/source-type order,partial,src/features/markdown-parser/lib/parser/handlers/sto-handler.ts:100-144,tests/parser/run_parser_tests.ts,Citation/bibliography path exists.,"Подробная декомпозиция и ограничения: special-atoms.csv, B*",local-only: sto-matrix.md
STO-108,СТО,СТО 02068410-004-2018 (edition 2019; local copy not published),5.10.1,Только если выбран соответствующий раздел/форма; не требование добавить его в любую лабораторную,Appendix may contain intermediate mathematical proofs/calculations,manual,—,—,Generator can carry Markdown/objects.,Editorial decision whether material is appropriate appendix content.,local-only: sto-matrix.md
STO-109,СТО,СТО 02068410-004-2018 (edition 2019; local copy not published),5.10.1,Только если выбран соответствующий раздел/форма; не требование добавить его в любую лабораторную,Appendix may contain large formulas,manual,—,—,Generator can carry Markdown/objects.,Editorial decision whether material is appropriate appendix content.,local-only: sto-matrix.md
STO-110,СТО,СТО 02068410-004-2018 (edition 2019; local copy not published),5.10.1,Только если выбран соответствующий раздел/форма; не требование добавить его в любую лабораторную,Appendix may contain large tables,manual,—,—,Generator can carry Markdown/objects.,Editorial decision whether material is appropriate appendix content.,local-only: sto-matrix.md
STO-111,СТО,СТО 02068410-004-2018 (edition 2019; local copy not published),5.10.1,Только если выбран соответствующий раздел/форма; не требование добавить его в любую лабораторную,Appendix may contain graphs/charts,manual,—,—,Generator can carry Markdown/objects.,Editorial decision whether material is appropriate appendix content.,local-only: sto-matrix.md
STO-112,СТО,СТО 02068410-004-2018 (edition 2019; local copy not published),5.10.1,Только если выбран соответствующий раздел/форма; не требование добавить его в любую лабораторную,Appendix may contain computer output arrays,manual,—,—,Generator can carry Markdown/objects.,Editorial decision whether material is appropriate appendix content.,local-only: sto-matrix.md
STO-113,СТО,СТО 02068410-004-2018 (edition 2019; local copy not published),5.10.1,Только если выбран соответствующий раздел/форма; не требование добавить его в любую лабораторную,Appendix may contain instrument/device descriptions,manual,—,—,Generator can carry Markdown/objects.,Editorial decision whether material is appropriate appendix content.,local-only: sto-matrix.md
STO-114,СТО,СТО 02068410-004-2018 (edition 2019; local copy not published),5.10.1,Только если выбран соответствующий раздел/форма; не требование добавить его в любую лабораторную,Appendix may contain method descriptions,manual,—,—,Generator can carry Markdown/objects.,Editorial decision whether material is appropriate appendix content.,local-only: sto-matrix.md
STO-115,СТО,СТО 02068410-004-2018 (edition 2019; local copy not published),5.10.1,Только если выбран соответствующий раздел/форма; не требование добавить его в любую лабораторную,Appendix may contain instructions/methods,manual,—,—,Generator can carry Markdown/objects.,Editorial decision whether material is appropriate appendix content.,local-only: sto-matrix.md
STO-116,СТО,СТО 02068410-004-2018 (edition 2019; local copy not published),5.10.1,Только если выбран соответствующий раздел/форма; не требование добавить его в любую лабораторную,Appendix may contain algorithms/programs,manual,—,—,Generator can carry Markdown/objects.,Editorial decision whether material is appropriate appendix content.,local-only: sto-matrix.md
STO-117,СТО,СТО 02068410-004-2018 (edition 2019; local copy not published),5.10.1,Только если выбран соответствующий раздел/форма; не требование добавить его в любую лабораторную,Appendix may contain auxiliary illustrations,manual,—,—,Generator can carry Markdown/objects.,Editorial decision whether material is appropriate appendix content.,local-only: sto-matrix.md
STO-118,СТО,СТО 02068410-004-2018 (edition 2019; local copy not published),5.10.1,Только если выбран соответствующий раздел/форма; не требование добавить его в любую лабораторную,Appendix may contain other supporting material,manual,—,—,Generator can carry Markdown/objects.,Editorial decision whether material is appropriate appendix content.,local-only: sto-matrix.md
STO-119,СТО,СТО 02068410-004-2018 (edition 2019; local copy not published),5.10.2,Только если выбран соответствующий раздел/форма; не требование добавить его в любую лабораторную,Appendix material may be mandatory when assignment requires it,manual,—,—,—,Assignment/faculty review.,local-only: sto-matrix.md
STO-120,СТО,СТО 02068410-004-2018 (edition 2019; local copy not published),5.10.3,Только если выбран соответствующий раздел/форма; не требование добавить его в любую лабораторную,Appendices after sources,partial,src/shared/lib/source-preflight/structure-checker.ts:110-122,tests/source-preflight/run_source_preflight_tests.ts,Order error when sources heading exists.,No final DOCX order check.,local-only: sto-matrix.md
STO-121,СТО,СТО 02068410-004-2018 (edition 2019; local copy not published),5.10.4,Только если выбран соответствующий раздел/форма; не требование добавить его в любую лабораторную,Each appendix referenced and ordered by references,partial,src/shared/lib/source-preflight/structure-checker.ts: explicit appendix reference registry,tests/source-preflight/structure_reference_tests.ts: valid/unknown/late/missing references,Explicit appendix requires a declared earlier reference; unknown and late references fail.,Legacy prose still uses a warning and textual match; cross-appendix semantic references need more fixtures.,local-only: sto-matrix.md
STO-122,СТО,СТО 02068410-004-2018 (edition 2019; local copy not published),5.10.5,Только если выбран соответствующий раздел/форма; не требование добавить его в любую лабораторную,Appendix starts new page,partial,src/shared/config/sto-styles.ts:140-186,src/shared/lib/sto-template-style-validator.ts:226-265,Structural page break.,Appendix-specific macro needed.,local-only: sto-matrix.md
STO-123,СТО,СТО 02068410-004-2018 (edition 2019; local copy not published),5.10.5,Только если выбран соответствующий раздел/форма; не требование добавить его в любую лабораторную,Appendix label centered ПРИЛОЖЕНИЕ,partial,src/shared/config/sto-appendix.ts; src/features/markdown-parser/lib/parser/handlers/sto-handler.ts; src/shared/config/sto-styles.ts,tests/parser/run_parser_tests.ts: explicit appendix OOXML style and centered heading,Explicit appendix label uses one centered styled paragraph and page break.,Native Word appendix form and template parity require acceptance.,local-only: sto-matrix.md
STO-124,СТО,СТО 02068410-004-2018 (edition 2019; local copy not published),5.10.5,Только если выбран соответствующий раздел/форма; не требование добавить его в любую лабораторную,"Appendix title centered, sentence case, no final dot",partial,src/shared/config/sto-appendix.ts; src/features/markdown-parser/lib/parser/handlers/sto-handler.ts; src/shared/lib/source-preflight/structure-checker.ts,tests/parser/run_parser_tests.ts; tests/source-preflight/structure_reference_tests.ts,Explicit title is a soft-break run in the same centered paragraph; empty and final-dot titles fail preflight.,Sentence-case quality is editorial; mixed-case source titles are preserved.,local-only: sto-matrix.md
STO-125,СТО,СТО 02068410-004-2018 (edition 2019; local copy not published),5.10.6,Только если выбран соответствующий раздел/форма; не требование добавить его в любую лабораторную,Russian appendix letters exclude Ё З Й О Ч Ъ Ы Ь,partial,src/shared/lib/source-preflight/structure-checker.ts:63-174,tests/source-preflight/run_source_preflight_tests.ts,Allowed single Russian labels checked.,Latin/digit fallback absent; warnings only.,local-only: sto-matrix.md
STO-126,СТО,СТО 02068410-004-2018 (edition 2019; local copy not published),5.10.6,Только если выбран соответствующий раздел/форма; не требование добавить его в любую лабораторную,Single appendix label is A,implemented,src/shared/lib/source-preflight/structure-checker.ts: first appendix label A,tests/source-preflight/structure_reference_tests.ts: only-appendix-must-be-a,Preflight rejects a sole appendix Б; explicit parser accepts only allowed labels.,—,local-only: sto-matrix.md
STO-127,СТО,СТО 02068410-004-2018 (edition 2019; local copy not published),5.10.7,Только если выбран соответствующий раздел/форма; не требование добавить его в любую лабораторную,Appendix local section numbering A.1,partial,src/features/markdown-parser/lib/parser.ts: appendix-local heading counters,tests/parser/run_parser_tests.ts: explicit appendix section A.1,Explicit appendix sections use letter-local numbering.,Nested sections and cross-appendix references need more fixtures.,local-only: sto-matrix.md
STO-128,СТО,СТО 02068410-004-2018 (edition 2019; local copy not published),5.10.7,Только если выбран соответствующий раздел/форма; не требование добавить его в любую лабораторную,Appendix local table/figure/formula numbering A.1,partial,src/shared/lib/source-preflight/structure-checker.ts:201-221,tests/source-preflight/run_source_preflight_tests.ts,Warns for plain numeric object labels.,No automatic/strict registry.,local-only: sto-matrix.md
STO-129,СТО,СТО 02068410-004-2018 (edition 2019; local copy not published),5.10.8,Только если выбран соответствующий раздел/форма; не требование добавить его в любую лабораторную,Appendix pages continue document numbering,partial,src/app/builder.ts:128-150,src/shared/lib/sto-validator.ts:747-764,Single-section PAGE field.,No multi-section proof.,local-only: sto-matrix.md
STO-130,СТО,СТО 02068410-004-2018 (edition 2019; local copy not published),5.10.9,Только если выбран соответствующий раздел/форма; не требование добавить его в любую лабораторную,TOC contains appendix labels and titles,partial,src/features/markdown-parser/lib/parser/handlers/appendix-toc-field.ts; sto-handler.ts: complex TC and TOC identifier,tests/parser/appendix_parser_tests.ts; .agent-work/backtest-2026-09-25/appendix-complex-generated.acceptance.json; appendix-complex-generated.accepted.acceptance.json; .agent-work/backtest-2026-09-25/appendix-two.acceptance.json,Two full Word updates preserve exact Приложение А. Расчётные данные TOC entry with page number and body order. A two-appendix fixture generated separate A/B TOC entries on pages 9/10.,Other appendix compositions and template parity require acceptance.,local-only: sto-matrix.md
STO-131,СТО,СТО 02068410-004-2018 (edition 2019; local copy not published),5.10.10,Только если выбран соответствующий раздел/форма; не требование добавить его в любую лабораторную,Appendix A4; A3 allowed,manual,—,—,—,Need w:pgSz/section policy and visual review.,local-only: sto-matrix.md
STO-132,СТО,СТО 02068410-004-2018 (edition 2019; local copy not published),6.1.1,При использовании соответствующей конструкции; состав документа задаётся профилем/заданием,Illustrations conform to ESKD,manual,—,—,—,Domain/visual review.,local-only: sto-matrix.md
STO-133,СТО,СТО 02068410-004-2018 (edition 2019; local copy not published),6.1.2,При использовании соответствующей конструкции; состав документа задаётся профилем/заданием,Illustrations sufficient and placed body/appendix,partial,src/features/markdown-parser/lib/parser/handlers/image-handler.ts,tests/parser/run_parser_tests.ts,Images embed.,Sufficiency/placement editorial.,local-only: sto-matrix.md
STO-134,СТО,СТО 02068410-004-2018 (edition 2019; local copy not published),6.1.3,При использовании соответствующей конструкции; состав документа задаётся профилем/заданием,Figure after first reference or next page,partial,src/shared/lib/source-preflight/table-figure-checker.ts:10-61,tests/source-preflight/run_source_preflight_tests.ts,Caption-before-reference source error.,No physical page-layout proof.,local-only: sto-matrix.md
STO-135,СТО,СТО 02068410-004-2018 (edition 2019; local copy not published),6.1.3,При использовании соответствующей конструкции; состав документа задаётся профилем/заданием,Every figure referred to in text,partial,src/shared/lib/source-preflight/table-figure-checker.ts:10-61,tests/source-preflight/run_source_preflight_tests.ts,Simple numeric prior reference.,Appendix/chapter labels unsupported.,local-only: sto-matrix.md
STO-136,СТО,СТО 02068410-004-2018 (edition 2019; local copy not published),6.1.3,При использовании соответствующей конструкции; состав документа задаётся профилем/заданием,Use word Рисунок,partial,src/shared/lib/source-preflight/table-figure-checker.ts:10-61,tests/source-preflight/run_source_preflight_tests.ts,Caption parser recognizes word.,Exact references/case not exhaustive.,local-only: sto-matrix.md
STO-137,СТО,СТО 02068410-004-2018 (edition 2019; local copy not published),6.1.4,При использовании соответствующей конструкции; состав документа задаётся профилем/заданием,Small photo pasted to A4,not applicable,—,—,—,Visual/paper requirement.,local-only: sto-matrix.md
STO-138,СТО,СТО 02068410-004-2018 (edition 2019; local copy not published),6.1.5,При использовании соответствующей конструкции; состав документа задаётся профилем/заданием,Figures continuously numbered,missing,src/shared/lib/source-preflight/reference-checker.ts:31-72,tests/source-preflight/run_source_preflight_tests.ts,Anchor uniqueness only.,Need sequence registry.,local-only: sto-matrix.md
STO-139,СТО,СТО 02068410-004-2018 (edition 2019; local copy not published),6.1.6,При использовании соответствующей конструкции; состав документа задаётся профилем/заданием,Single figure is Рисунок 1,missing,—,—,—,Need count-aware number rule.,local-only: sto-matrix.md
STO-140,СТО,СТО 02068410-004-2018 (edition 2019; local copy not published),6.1.7,При использовании соответствующей конструкции; состав документа задаётся профилем/заданием,Text reference form рисунок N,partial,src/shared/lib/source-preflight/table-figure-checker.ts:39-55,tests/source-preflight/run_source_preflight_tests.ts,Prior numeric reference detected.,Exact phrase/case unsupported.,local-only: sto-matrix.md
STO-141,СТО,СТО 02068410-004-2018 (edition 2019; local copy not published),6.1.8,При использовании соответствующей конструкции; состав документа задаётся профилем/заданием,Figure caption format Рисунок N – Name,partial,src/shared/lib/source-preflight/punctuation-checker.ts:12-54,tests/parser/run_parser_tests.ts:320-341,En dash/no period and caption style.,Uppercase name/explanation position absent.,local-only: sto-matrix.md
STO-142,СТО,СТО 02068410-004-2018 (edition 2019; local copy not published),6.1.9,При использовании соответствующей конструкции; состав документа задаётся профилем/заданием,Multiline figure caption single interval/no word break,partial,src/shared/config/sto-styles.ts:200-207,src/shared/lib/sto-template-style-validator.ts:282-304,w:line=240 auto (single line).,No rendered multiline/word-break check.,local-only: sto-matrix.md
STO-143,СТО,СТО 02068410-004-2018 (edition 2019; local copy not published),6.1.10,При использовании соответствующей конструкции; состав документа задаётся профилем/заданием,Appendix figure number A.1,partial,src/shared/lib/source-preflight/structure-checker.ts:201-210,tests/source-preflight/run_source_preflight_tests.ts,Plain numeric warning.,No strict automatic A.1.,local-only: sto-matrix.md
STO-144,СТО,СТО 02068410-004-2018 (edition 2019; local copy not published),6.2.1,При использовании соответствующей конструкции; состав документа задаётся профилем/заданием,Table appropriate for comparison/numeric data,manual,src/features/markdown-parser/lib/parser/handlers/block-handlers.ts,tests/parser/run_parser_tests.ts:246-293,Tables render.,Editorial appropriateness.,local-only: sto-matrix.md
STO-145,СТО,СТО 02068410-004-2018 (edition 2019; local copy not published),6.2.2,При использовании соответствующей конструкции; состав документа задаётся профилем/заданием,Table after first reference or next page,partial,src/shared/lib/source-preflight/table-figure-checker.ts:10-61,tests/source-preflight/run_source_preflight_tests.ts,Caption-before-reference error.,No physical layout.,local-only: sto-matrix.md
STO-146,СТО,СТО 02068410-004-2018 (edition 2019; local copy not published),6.2.3,При использовании соответствующей конструкции; состав документа задаётся профилем/заданием,Every table referred to as таблица N,partial,src/shared/lib/source-preflight/table-figure-checker.ts:10-61,tests/source-preflight/run_source_preflight_tests.ts,Simple numeric references.,Appendix/chapter labels/exact phrase absent.,local-only: sto-matrix.md
STO-147,СТО,СТО 02068410-004-2018 (edition 2019; local copy not published),6.2.4,При использовании соответствующей конструкции; состав документа задаётся профилем/заданием,"Optional table title above, left/no indent",partial,src/shared/config/sto-styles.ts:210-226,src/shared/lib/sto-template-style-validator.ts:306-328,Caption left/zero indent.,Optional-title semantics conflict with validator requirement.,local-only: sto-matrix.md
STO-148,СТО,СТО 02068410-004-2018 (edition 2019; local copy not published),6.2.4,При использовании соответствующей конструкции; состав документа задаётся профилем/заданием,"Table caption format Таблица N – Name, uppercase start/no dot",partial,src/shared/lib/source-preflight/punctuation-checker.ts:12-54,tests/parser/run_parser_tests.ts:274-293,Dash/no-dot checks.,Uppercase/semantic precision not checked.,local-only: sto-matrix.md
STO-149,СТО,СТО 02068410-004-2018 (edition 2019; local copy not published),6.2.5,При использовании соответствующей конструкции; состав документа задаётся профилем/заданием,Multiline table title single interval,implemented,src/shared/config/sto-styles.ts:218-225,src/shared/lib/sto-template-style-validator.ts:306-328,w:line=240 auto.,No rendered multiline test.,local-only: sto-matrix.md
STO-150,СТО,СТО 02068410-004-2018 (edition 2019; local copy not published),6.2.6,При использовании соответствующей конструкции; состав документа задаётся профилем/заданием,Table numbering continuous/chapter-local,missing,src/shared/lib/source-preflight/reference-checker.ts:31-72,tests/source-preflight/run_source_preflight_tests.ts,Anchors only.,Need sequence registry.,local-only: sto-matrix.md
STO-151,СТО,СТО 02068410-004-2018 (edition 2019; local copy not published),6.2.6,При использовании соответствующей конструкции; состав документа задаётся профилем/заданием,Single table is Таблица 1,missing,—,—,—,Need count-aware rule.,local-only: sto-matrix.md
STO-152,СТО,СТО 02068410-004-2018 (edition 2019; local copy not published),6.2.6,При использовании соответствующей конструкции; состав документа задаётся профилем/заданием,Appendix table number B.1,partial,src/shared/lib/source-preflight/structure-checker.ts:201-210,tests/source-preflight/run_source_preflight_tests.ts,Plain numeric warning.,No strict automatic B.1.,local-only: sto-matrix.md
STO-153,СТО,СТО 02068410-004-2018 (edition 2019; local copy not published),6.2.7,При использовании соответствующей конструкции; состав документа задаётся профилем/заданием,Split table repeats header/sidehead,partial,src/features/markdown-parser/lib/parser/handlers/block-handlers.ts,src/shared/lib/sto-validator.ts:859-862,First row tblHeader.,No post-layout split proof.,local-only: sto-matrix.md
STO-154,СТО,СТО 02068410-004-2018 (edition 2019; local copy not published),6.2.7,При использовании соответствующей конструкции; состав документа задаётся профилем/заданием,Repeated text uses quotes/То же; figures/symbols never quoted,manual,—,—,—,Cell semantic review.,local-only: sto-matrix.md
STO-155,СТО,СТО 02068410-004-2018 (edition 2019; local copy not published),6.2.7,При использовании соответствующей конструкции; состав документа задаётся профилем/заданием,No data cell dash/empty,partial,src/shared/lib/source-preflight/table-figure-checker.ts:116-136,src/shared/lib/sto-validator.ts:849-852,Empty cells rejected.,Literal en dash/merged-cell context absent.,local-only: sto-matrix.md
STO-156,СТО,СТО 02068410-004-2018 (edition 2019; local copy not published),6.2.8,При использовании соответствующей конструкции; состав документа задаётся профилем/заданием,Table header capitalization/singular/no periods,partial,src/shared/lib/source-preflight/table-figure-checker.ts:77-114,src/shared/lib/sto-validator.ts:854-857,Empty/final-dot headers rejected.,Casing/singular/continuation semantics absent.,local-only: sto-matrix.md
STO-157,СТО,СТО 02068410-004-2018 (edition 2019; local copy not published),6.2.9,При использовании соответствующей конструкции; состав документа задаётся профилем/заданием,Table border policy; no diagonal lines,partial,src/shared/lib/sto-validator.ts:869-872,tests/validator/run_validator_tests.ts:395-405,Diagonal borders rejected.,Required normal border layout unproven.,local-only: sto-matrix.md
STO-158,СТО,СТО 02068410-004-2018 (edition 2019; local copy not published),6.2.10,При использовании соответствующей конструкции; состав документа задаётся профилем/заданием,Header orientation optional; smaller font allowed; avoid № п/п,partial,src/shared/config/sto-rules.json:142-144,tests/source-preflight/run_source_preflight_tests.ts,Two ordinal header spellings detected.,Orientation/font/variants absent.,local-only: sto-matrix.md
STO-159,СТО,СТО 02068410-004-2018 (edition 2019; local copy not published),6.2.11,При использовании соответствующей конструкции; состав документа задаётся профилем/заданием,Landscape table allowed,manual,—,—,—,Section-orientation feature/visual check.,local-only: sto-matrix.md
STO-160,СТО,СТО 02068410-004-2018 (edition 2019; local copy not published),6.2.12,При использовании соответствующей конструкции; состав документа задаётся профилем/заданием,Continuation label Продолжение таблицы N left/no dot,missing,—,—,—,Need split-table representation.,local-only: sto-matrix.md
STO-161,СТО,СТО 02068410-004-2018 (edition 2019; local copy not published),6.2.13,При использовании соответствующей конструкции; состав документа задаётся профилем/заданием,No bottom border before continued next-page table,missing,—,—,—,Layout-aware Word/PDF check.,local-only: sto-matrix.md
STO-162,СТО,СТО 02068410-004-2018 (edition 2019; local copy not published),6.2.14,При использовании соответствующей конструкции; состав документа задаётся профилем/заданием,Small data preferably text/columns,manual,—,—,—,Editorial decision.,local-only: sto-matrix.md
STO-163,СТО,СТО 02068410-004-2018 (edition 2019; local copy not published),6.3,При использовании соответствующей конструкции; состав документа задаётся профилем/заданием,Formula separated from text and centered,partial,src/shared/lib/source-preflight/formula-checker.ts; src/features/markdown-parser/lib/parser/handlers/math-handler.ts,tests/source-preflight/run_source_preflight_tests.ts; src/shared/lib/sto-validator.ts:797-815,Formula path exists.,"Подробная декомпозиция и ограничения: special-atoms.csv, F*",local-only: sto-matrix.md
STO-164,СТО,СТО 02068410-004-2018 (edition 2019; local copy not published),6.3,При использовании соответствующей конструкции; состав документа задаётся профилем/заданием,Formula symbols explained after formula,partial,src/shared/lib/source-preflight/formula-checker.ts; src/features/markdown-parser/lib/parser/handlers/math-handler.ts,tests/source-preflight/run_source_preflight_tests.ts; src/shared/lib/sto-validator.ts:797-815,Formula path exists.,"Подробная декомпозиция и ограничения: special-atoms.csv, F*",local-only: sto-matrix.md
STO-165,СТО,СТО 02068410-004-2018 (edition 2019; local copy not published),6.3,При использовании соответствующей конструкции; состав документа задаётся профилем/заданием,Formula numbering at right in parentheses,partial,src/shared/lib/source-preflight/formula-checker.ts; src/features/markdown-parser/lib/parser/handlers/math-handler.ts,tests/source-preflight/run_source_preflight_tests.ts; src/shared/lib/sto-validator.ts:797-815,Formula path exists.,"Подробная декомпозиция и ограничения: special-atoms.csv, F*",local-only: sto-matrix.md
STO-166,СТО,СТО 02068410-004-2018 (edition 2019; local copy not published),6.3,При использовании соответствующей конструкции; состав документа задаётся профилем/заданием,Formula references use parentheses,partial,src/shared/lib/source-preflight/formula-checker.ts; src/features/markdown-parser/lib/parser/handlers/math-handler.ts,tests/source-preflight/run_source_preflight_tests.ts; src/shared/lib/sto-validator.ts:797-815,Formula path exists.,"Подробная декомпозиция и ограничения: special-atoms.csv, F*",local-only: sto-matrix.md
STO-167,СТО,СТО 02068410-004-2018 (edition 2019; local copy not published),6.3,При использовании соответствующей конструкции; состав документа задаётся профилем/заданием,Formula layout/line-break rules,partial,src/shared/lib/source-preflight/formula-checker.ts; src/features/markdown-parser/lib/parser/handlers/math-handler.ts,tests/source-preflight/run_source_preflight_tests.ts; src/shared/lib/sto-validator.ts:797-815,Formula path exists.,"Подробная декомпозиция и ограничения: special-atoms.csv, F*",local-only: sto-matrix.md
STO-168,СТО,СТО 02068410-004-2018 (edition 2019; local copy not published),6.4.1,При использовании соответствующей конструкции; состав документа задаётся профилем/заданием,Citation is Arabic number in square brackets,partial,src/shared/lib/sto-validator.ts:778-788,tests/validator/run_validator_tests.ts:149-172,Parsed citations become dense brackets.,Custom text/multi-section restart not checked.,local-only: sto-matrix.md
STO-169,СТО,СТО 02068410-004-2018 (edition 2019; local copy not published),6.4.2,При использовании соответствующей конструкции; состав документа задаётся профилем/заданием,"Reference source as whole/section/appendix, not its table/figure except own doc",manual,—,—,—,Need content-aware note/citation support.,local-only: sto-matrix.md
STO-170,СТО,СТО 02068410-004-2018 (edition 2019; local copy not published),6.4.3,При использовании соответствующей конструкции; состав документа задаётся профилем/заданием,Standards/TU citation rule,manual,—,—,—,Need content-aware note/citation support.,local-only: sto-matrix.md
STO-171,СТО,СТО 02068410-004-2018 (edition 2019; local copy not published),6.4.4,При использовании соответствующей конструкции; состав документа задаётся профилем/заданием,Note is after text/graphic/table,missing,—,—,—,Need content-aware note/citation support.,local-only: sto-matrix.md
STO-172,СТО,СТО 02068410-004-2018 (edition 2019; local copy not published),6.4.5,При использовании соответствующей конструкции; состав документа задаётся профилем/заданием,One note begins Примечание –; several Примечания with numbered paragraphs,missing,—,—,—,Need content-aware note/citation support.,local-only: sto-matrix.md
STO-173,СТО,СТО 02068410-004-2018 (edition 2019; local copy not published),6.4.6,При использовании соответствующей конструкции; состав документа задаётся профилем/заданием,Table note placed at table end,missing,—,—,—,Need content-aware note/citation support.,local-only: sto-matrix.md
STO-174,СТО,СТО 02068410-004-2018 (edition 2019; local copy not published),7.1,При использовании соответствующей конструкции; состав документа задаётся профилем/заданием,Text is concise,manual,src/shared/lib/source-preflight/soft-text-checker.ts,tests/source-preflight/run_source_preflight_tests.ts,Some soft textual markers may be reported.,"Linguistic, standards, quantity/unit, and rendered-table analysis required.",local-only: sto-matrix.md
STO-175,СТО,СТО 02068410-004-2018 (edition 2019; local copy not published),7.1,При использовании соответствующей конструкции; состав документа задаётся профилем/заданием,Text is exact,manual,src/shared/lib/source-preflight/soft-text-checker.ts,tests/source-preflight/run_source_preflight_tests.ts,Some soft textual markers may be reported.,"Linguistic, standards, quantity/unit, and rendered-table analysis required.",local-only: sto-matrix.md
STO-176,СТО,СТО 02068410-004-2018 (edition 2019; local copy not published),7.1,При использовании соответствующей конструкции; состав документа задаётся профилем/заданием,Text is unambiguous,manual,src/shared/lib/source-preflight/soft-text-checker.ts,tests/source-preflight/run_source_preflight_tests.ts,Some soft textual markers may be reported.,"Linguistic, standards, quantity/unit, and rendered-table analysis required.",local-only: sto-matrix.md
STO-177,СТО,СТО 02068410-004-2018 (edition 2019; local copy not published),7.1,При использовании соответствующей конструкции; состав документа задаётся профилем/заданием,Mandatory wording uses shall/should/must-style verbs,manual,src/shared/lib/source-preflight/soft-text-checker.ts,tests/source-preflight/run_source_preflight_tests.ts,Some soft textual markers may be reported.,"Linguistic, standards, quantity/unit, and rendered-table analysis required.",local-only: sto-matrix.md
STO-178,СТО,СТО 02068410-004-2018 (edition 2019; local copy not published),7.1,При использовании соответствующей конструкции; состав документа задаётся профилем/заданием,Nonmandatory wording uses may/can-style verbs,manual,src/shared/lib/source-preflight/soft-text-checker.ts,tests/source-preflight/run_source_preflight_tests.ts,Some soft textual markers may be reported.,"Linguistic, standards, quantity/unit, and rendered-table analysis required.",local-only: sto-matrix.md
STO-179,СТО,СТО 02068410-004-2018 (edition 2019; local copy not published),7.1,При использовании соответствующей конструкции; состав документа задаётся профилем/заданием,Scientific/technical terms follow applicable standards,manual,src/shared/lib/source-preflight/soft-text-checker.ts,tests/source-preflight/run_source_preflight_tests.ts,Some soft textual markers may be reported.,"Linguistic, standards, quantity/unit, and rendered-table analysis required.",local-only: sto-matrix.md
STO-180,СТО,СТО 02068410-004-2018 (edition 2019; local copy not published),7.2,При использовании соответствующей конструкции; состав документа задаётся профилем/заданием,No colloquial expressions,manual,src/shared/lib/source-preflight/soft-text-checker.ts,tests/source-preflight/run_source_preflight_tests.ts,Some soft textual markers may be reported.,"Linguistic, standards, quantity/unit, and rendered-table analysis required.",local-only: sto-matrix.md
STO-181,СТО,СТО 02068410-004-2018 (edition 2019; local copy not published),7.2,При использовании соответствующей конструкции; состав документа задаётся профилем/заданием,No arbitrary synonyms for standardized terms,manual,src/shared/lib/source-preflight/soft-text-checker.ts,tests/source-preflight/run_source_preflight_tests.ts,Some soft textual markers may be reported.,"Linguistic, standards, quantity/unit, and rendered-table analysis required.",local-only: sto-matrix.md
STO-182,СТО,СТО 02068410-004-2018 (edition 2019; local copy not published),7.2,При использовании соответствующей конструкции; состав документа задаётся профилем/заданием,No foreign words where Russian equivalent exists,manual,src/shared/lib/source-preflight/soft-text-checker.ts,tests/source-preflight/run_source_preflight_tests.ts,Some soft textual markers may be reported.,"Linguistic, standards, quantity/unit, and rendered-table analysis required.",local-only: sto-matrix.md
STO-183,СТО,СТО 02068410-004-2018 (edition 2019; local copy not published),7.2,При использовании соответствующей конструкции; состав документа задаётся профилем/заданием,No arbitrary word formations,manual,src/shared/lib/source-preflight/soft-text-checker.ts,tests/source-preflight/run_source_preflight_tests.ts,Some soft textual markers may be reported.,"Linguistic, standards, quantity/unit, and rendered-table analysis required.",local-only: sto-matrix.md
STO-184,СТО,СТО 02068410-004-2018 (edition 2019; local copy not published),7.2,При использовании соответствующей конструкции; состав документа задаётся профилем/заданием,No unauthorized abbreviations,manual,src/shared/lib/source-preflight/soft-text-checker.ts,tests/source-preflight/run_source_preflight_tests.ts,Some soft textual markers may be reported.,"Linguistic, standards, quantity/unit, and rendered-table analysis required.",local-only: sto-matrix.md
STO-185,СТО,СТО 02068410-004-2018 (edition 2019; local copy not published),7.3,При использовании соответствующей конструкции; состав документа задаётся профилем/заданием,No mathematical signs without numbers except formula/table/figure,manual,src/shared/lib/source-preflight/soft-text-checker.ts,tests/source-preflight/run_source_preflight_tests.ts,Some soft textual markers may be reported.,"Linguistic, standards, quantity/unit, and rendered-table analysis required.",local-only: sto-matrix.md
STO-186,СТО,СТО 02068410-004-2018 (edition 2019; local copy not published),7.3,При использовании соответствующей конструкции; состав документа задаётся профилем/заданием,No negative sign before negative values except formula/table/figure,manual,src/shared/lib/source-preflight/soft-text-checker.ts,tests/source-preflight/run_source_preflight_tests.ts,Some soft textual markers may be reported.,"Linguistic, standards, quantity/unit, and rendered-table analysis required.",local-only: sto-matrix.md
STO-187,СТО,СТО 02068410-004-2018 (edition 2019; local copy not published),7.3,При использовании соответствующей конструкции; состав документа задаётся профилем/заданием,Diameter sign is used correctly,manual,src/shared/lib/source-preflight/soft-text-checker.ts,tests/source-preflight/run_source_preflight_tests.ts,Some soft textual markers may be reported.,"Linguistic, standards, quantity/unit, and rendered-table analysis required.",local-only: sto-matrix.md
STO-188,СТО,СТО 02068410-004-2018 (edition 2019; local copy not published),7.3,При использовании соответствующей конструкции; состав документа задаётся профилем/заданием,Standard designation not used without registration number,manual,src/shared/lib/source-preflight/soft-text-checker.ts,tests/source-preflight/run_source_preflight_tests.ts,Some soft textual markers may be reported.,"Linguistic, standards, quantity/unit, and rendered-table analysis required.",local-only: sto-matrix.md
STO-189,СТО,СТО 02068410-004-2018 (edition 2019; local copy not published),7.3,При использовании соответствующей конструкции; состав документа задаётся профилем/заданием,No number sign without number,manual,src/shared/lib/source-preflight/soft-text-checker.ts,tests/source-preflight/run_source_preflight_tests.ts,Some soft textual markers may be reported.,"Linguistic, standards, quantity/unit, and rendered-table analysis required.",local-only: sto-matrix.md
STO-190,СТО,СТО 02068410-004-2018 (edition 2019; local copy not published),7.3,При использовании соответствующей конструкции; состав документа задаётся профилем/заданием,No percent sign without number,manual,src/shared/lib/source-preflight/soft-text-checker.ts,tests/source-preflight/run_source_preflight_tests.ts,Some soft textual markers may be reported.,"Linguistic, standards, quantity/unit, and rendered-table analysis required.",local-only: sto-matrix.md
STO-191,СТО,СТО 02068410-004-2018 (edition 2019; local copy not published),7.4,При использовании соответствующей конструкции; состав документа задаётся профилем/заданием,Only generally accepted abbreviations used,manual,src/shared/lib/source-preflight/soft-text-checker.ts,tests/source-preflight/run_source_preflight_tests.ts,Some soft textual markers may be reported.,"Linguistic, standards, quantity/unit, and rendered-table analysis required.",local-only: sto-matrix.md
STO-192,СТО,СТО 02068410-004-2018 (edition 2019; local copy not published),7.4,При использовании соответствующей конструкции; состав документа задаётся профилем/заданием,Special abbreviations are introduced/listed,manual,src/shared/lib/source-preflight/soft-text-checker.ts,tests/source-preflight/run_source_preflight_tests.ts,Some soft textual markers may be reported.,"Linguistic, standards, quantity/unit, and rendered-table analysis required.",local-only: sto-matrix.md
STO-193,СТО,СТО 02068410-004-2018 (edition 2019; local copy not published),7.5,При использовании соответствующей конструкции; состав документа задаётся профилем/заданием,Designations comply with law/standards,manual,src/shared/lib/source-preflight/soft-text-checker.ts,tests/source-preflight/run_source_preflight_tests.ts,Some soft textual markers may be reported.,"Linguistic, standards, quantity/unit, and rendered-table analysis required.",local-only: sto-matrix.md
STO-194,СТО,СТО 02068410-004-2018 (edition 2019; local copy not published),7.5,При использовании соответствующей конструкции; состав документа задаётся профилем/заданием,Symbol explained before first parameter,manual,src/shared/lib/source-preflight/soft-text-checker.ts,tests/source-preflight/run_source_preflight_tests.ts,Some soft textual markers may be reported.,"Linguistic, standards, quantity/unit, and rendered-table analysis required.",local-only: sto-matrix.md
STO-195,СТО,СТО 02068410-004-2018 (edition 2019; local copy not published),7.5,При использовании соответствующей конструкции; состав документа задаётся профилем/заданием,Nonstandard sign explained in text/list,manual,src/shared/lib/source-preflight/soft-text-checker.ts,tests/source-preflight/run_source_preflight_tests.ts,Some soft textual markers may be reported.,"Linguistic, standards, quantity/unit, and rendered-table analysis required.",local-only: sto-matrix.md
STO-196,СТО,СТО 02068410-004-2018 (edition 2019; local copy not published),7.6,При использовании соответствующей конструкции; состав документа задаётся профилем/заданием,Use standardized physical units,manual,src/shared/lib/source-preflight/soft-text-checker.ts,tests/source-preflight/run_source_preflight_tests.ts,Some soft textual markers may be reported.,"Linguistic, standards, quantity/unit, and rendered-table analysis required.",local-only: sto-matrix.md
STO-197,СТО,СТО 02068410-004-2018 (edition 2019; local copy not published),7.6,При использовании соответствующей конструкции; состав документа задаётся профилем/заданием,Nonstandard unit shown in parentheses after standard unit,manual,src/shared/lib/source-preflight/soft-text-checker.ts,tests/source-preflight/run_source_preflight_tests.ts,Some soft textual markers may be reported.,"Linguistic, standards, quantity/unit, and rendered-table analysis required.",local-only: sto-matrix.md
STO-198,СТО,СТО 02068410-004-2018 (edition 2019; local copy not published),7.6,При использовании соответствующей конструкции; состав документа задаётся профилем/заданием,Do not use differing unit systems,manual,src/shared/lib/source-preflight/soft-text-checker.ts,tests/source-preflight/run_source_preflight_tests.ts,Some soft textual markers may be reported.,"Linguistic, standards, quantity/unit, and rendered-table analysis required.",local-only: sto-matrix.md
STO-199,СТО,СТО 02068410-004-2018 (edition 2019; local copy not published),7.7,При использовании соответствующей конструкции; состав документа задаётся профилем/заданием,Use digits with units,manual,src/shared/lib/source-preflight/soft-text-checker.ts,tests/source-preflight/run_source_preflight_tests.ts,Some soft textual markers may be reported.,"Linguistic, standards, quantity/unit, and rendered-table analysis required.",local-only: sto-matrix.md
STO-200,СТО,СТО 02068410-004-2018 (edition 2019; local copy not published),7.7,При использовании соответствующей конструкции; состав документа задаётся профилем/заданием,Write one to nine in words without units,manual,src/shared/lib/source-preflight/soft-text-checker.ts,tests/source-preflight/run_source_preflight_tests.ts,Some soft textual markers may be reported.,"Linguistic, standards, quantity/unit, and rendered-table analysis required.",local-only: sto-matrix.md
STO-201,СТО,СТО 02068410-004-2018 (edition 2019; local copy not published),7.8,При использовании соответствующей конструкции; состав документа задаётся профилем/заданием,Same parameter uses same unit,manual,src/shared/lib/source-preflight/soft-text-checker.ts,tests/source-preflight/run_source_preflight_tests.ts,Some soft textual markers may be reported.,"Linguistic, standards, quantity/unit, and rendered-table analysis required.",local-only: sto-matrix.md
STO-202,СТО,СТО 02068410-004-2018 (edition 2019; local copy not published),7.8,При использовании соответствующей конструкции; состав документа задаётся профилем/заданием,Series common unit appears after last value,manual,src/shared/lib/source-preflight/soft-text-checker.ts,tests/source-preflight/run_source_preflight_tests.ts,Some soft textual markers may be reported.,"Linguistic, standards, quantity/unit, and rendered-table analysis required.",local-only: sto-matrix.md
STO-203,СТО,СТО 02068410-004-2018 (edition 2019; local copy not published),7.8,При использовании соответствующей конструкции; состав документа задаётся профилем/заданием,Number and unit are inseparable,manual,src/shared/lib/source-preflight/soft-text-checker.ts,tests/source-preflight/run_source_preflight_tests.ts,Some soft textual markers may be reported.,"Linguistic, standards, quantity/unit, and rendered-table analysis required.",local-only: sto-matrix.md
STO-204,СТО,СТО 02068410-004-2018 (edition 2019; local copy not published),7.9,При использовании соответствующей конструкции; состав документа задаётся профилем/заданием,Range common unit appears after last value,manual,src/shared/lib/source-preflight/soft-text-checker.ts,tests/source-preflight/run_source_preflight_tests.ts,Some soft textual markers may be reported.,"Linguistic, standards, quantity/unit, and rendered-table analysis required.",local-only: sto-matrix.md
STO-205,СТО,СТО 02068410-004-2018 (edition 2019; local copy not published),7.10,При использовании соответствующей конструкции; состав документа задаётся профилем/заданием,Limits use от ... до ... / не более / не менее,manual,src/shared/lib/source-preflight/soft-text-checker.ts,tests/source-preflight/run_source_preflight_tests.ts,Some soft textual markers may be reported.,"Linguistic, standards, quantity/unit, and rendered-table analysis required.",local-only: sto-matrix.md
STO-206,СТО,СТО 02068410-004-2018 (edition 2019; local copy not published),7.10,При использовании соответствующей конструкции; состав документа задаётся профилем/заданием,Deviation wording uses ± or named limits,manual,src/shared/lib/source-preflight/soft-text-checker.ts,tests/source-preflight/run_source_preflight_tests.ts,Some soft textual markers may be reported.,"Linguistic, standards, quantity/unit, and rendered-table analysis required.",local-only: sto-matrix.md
STO-207,СТО,СТО 02068410-004-2018 (edition 2019; local copy not published),7.11,При использовании соответствующей конструкции; состав документа задаётся профилем/заданием,Values have equal precision,manual,src/shared/lib/source-preflight/soft-text-checker.ts,tests/source-preflight/run_source_preflight_tests.ts,Some soft textual markers may be reported.,"Linguistic, standards, quantity/unit, and rendered-table analysis required.",local-only: sto-matrix.md
STO-208,СТО,СТО 02068410-004-2018 (edition 2019; local copy not published),7.11,При использовании соответствующей конструкции; состав документа задаётся профилем/заданием,Decimal digits aligned in table column,manual,src/shared/lib/source-preflight/soft-text-checker.ts,tests/source-preflight/run_source_preflight_tests.ts,Some soft textual markers may be reported.,"Linguistic, standards, quantity/unit, and rendered-table analysis required.",local-only: sto-matrix.md
STO-209,СТО,СТО 02068410-004-2018 (edition 2019; local copy not published),7.12,При использовании соответствующей конструкции; состав документа задаётся профилем/заданием,Decimal comma used,manual,src/shared/lib/source-preflight/soft-text-checker.ts,tests/source-preflight/run_source_preflight_tests.ts,Some soft textual markers may be reported.,"Linguistic, standards, quantity/unit, and rendered-table analysis required.",local-only: sto-matrix.md
STO-210,СТО,СТО 02068410-004-2018 (edition 2019; local copy not published),7.12,При использовании соответствующей конструкции; состав документа задаётся профилем/заданием,Inch fractions use slash,manual,src/shared/lib/source-preflight/soft-text-checker.ts,tests/source-preflight/run_source_preflight_tests.ts,Some soft textual markers may be reported.,"Linguistic, standards, quantity/unit, and rendered-table analysis required.",local-only: sto-matrix.md
STO-211,СТО,СТО 02068410-004-2018 (edition 2019; local copy not published),7.13,При использовании соответствующей конструкции; состав документа задаётся профилем/заданием,Simple slash fraction only where decimal impossible,manual,src/shared/lib/source-preflight/soft-text-checker.ts,tests/source-preflight/run_source_preflight_tests.ts,Some soft textual markers may be reported.,"Linguistic, standards, quantity/unit, and rendered-table analysis required.",local-only: sto-matrix.md
STO-212,СТО,СТО 02068410-004-2018 (edition 2019; local copy not published),3.2 / 7,При использовании соответствующей конструкции; состав документа задаётся профилем/заданием,Inline code must be treated as a non-body technical exception if included in report,partial,src/features/markdown-parser/lib/parser/handlers/inline-parser.ts:68-76,tests/source-preflight/run_source_preflight_tests.ts:752-770,Inline code emits Courier New and numeric quote checks inspect it.,Violates body TNR 12–14 unless exception is approved; no explicit STO code policy.,local-only: sto-matrix.md
STO-213,СТО,СТО 02068410-004-2018 (edition 2019; local copy not published),3.2 / 7,При использовании соответствующей конструкции; состав документа задаётся профилем/заданием,Block code must be treated as a non-body technical exception if included in report,partial,src/features/markdown-parser/lib/parser.ts:236-275,tests/source-preflight/run_source_preflight_tests.ts:726-752,"Block code emits Courier New 10pt, left aligned, w:line=240 auto.",No explicit STO code policy; does not meet body TNR/12–14/1.5 values.,local-only: sto-matrix.md
STO-214,СТО,СТО 02068410-004-2018 (edition 2019; local copy not published),Appendix A,Только если выбран соответствующий раздел/форма; не требование добавить его в любую лабораторную,Bachelor thesis title-page sample,manual,src/widgets/title-page/lib/title-page.ts:371-449; src/app/builder.ts:114-154,tests/generator/title_page_metadata_test.ts; tests/generator/front_matter_docx_test.ts,Generic title/front matter path exists.,Exact faculty sample and visual acceptance; bibliography sample delegated.,local-only: sto-matrix.md
STO-215,СТО,СТО 02068410-004-2018 (edition 2019; local copy not published),Appendix A,Только если выбран соответствующий раздел/форма; не требование добавить его в любую лабораторную,Master thesis title-page sample,manual,src/widgets/title-page/lib/title-page.ts:371-449; src/app/builder.ts:114-154,tests/generator/title_page_metadata_test.ts; tests/generator/front_matter_docx_test.ts,Generic title/front matter path exists.,Exact faculty sample and visual acceptance; bibliography sample delegated.,local-only: sto-matrix.md
STO-216,СТО,СТО 02068410-004-2018 (edition 2019; local copy not published),Appendix A,Только если выбран соответствующий раздел/форма; не требование добавить его в любую лабораторную,Specialist thesis title-page sample,manual,src/widgets/title-page/lib/title-page.ts:371-449; src/app/builder.ts:114-154,tests/generator/title_page_metadata_test.ts; tests/generator/front_matter_docx_test.ts,Generic title/front matter path exists.,Exact faculty sample and visual acceptance; bibliography sample delegated.,local-only: sto-matrix.md
STO-217,СТО,СТО 02068410-004-2018 (edition 2019; local copy not published),Appendix B,Только если выбран соответствующий раздел/форма; не требование добавить его в любую лабораторную,Assignment-form sample,manual,src/widgets/title-page/lib/title-page.ts:371-449; src/app/builder.ts:114-154,tests/generator/title_page_metadata_test.ts; tests/generator/front_matter_docx_test.ts,Generic title/front matter path exists.,Exact faculty sample and visual acceptance; bibliography sample delegated.,local-only: sto-matrix.md
STO-218,СТО,СТО 02068410-004-2018 (edition 2019; local copy not published),Appendix V,Только если выбран соответствующий раздел/форма; не требование добавить его в любую лабораторную,Referat sample,manual,src/features/markdown-parser/lib/parser/handlers/block-handlers.ts,paragraph-evidence.json; word-page-2.png,Реферат сгенерирован и просмотрен; статистические placeholders остались.,Точные интервалы всего образца и обязательные данные требуют отдельной приёмки.,local-only: sto-matrix.md
STO-219,СТО,СТО 02068410-004-2018 (edition 2019; local copy not published),Appendix G,Только если выбран соответствующий раздел/форма; не требование добавить его в любую лабораторную,Bibliographic-description samples,manual,src/features/markdown-parser/lib/utils/bib-formatter.ts,special-probes.json; tests bibliography golden,Проверен путь форматирования источников; не все образцы приложения.,special-atoms.csv B*: специализированные типы и точное визуальное соответствие не закрыты.,local-only: sto-matrix.md
SPECIAL-F01,formula,local-source-19: Local methodical material: formula typesetting,FORM:5-8; PDF p.1,Только при наличии формул,use formula editor,partial,src/shared/lib/math-converter.ts:215-226,no rendered OMML acceptance,Статический анализ; динамические доказательства отдельно в special-probes.json,no rendered OMML acceptance,special-atoms.csv
SPECIAL-F02,formula,local-source-19: Local methodical material: formula typesetting,FORM:9-16; PDF p.1,Только при наличии формул,select Math style,manual,src/shared/lib/math-converter.ts:76-105,no style assertion,Статический анализ; динамические доказательства отдельно в special-probes.json,no style assertion,special-atoms.csv
SPECIAL-F03,formula,local-source-19: Local methodical material: formula typesetting,FORM:9-16; PDF p.1,Только при наличии формул,select Function style,partial,src/shared/lib/source-preflight/formula-checker.ts:33-60,syntax only,Статический анализ; динамические доказательства отдельно в special-probes.json,syntax only,special-atoms.csv
SPECIAL-F04,formula,local-source-19: Local methodical material: formula typesetting,FORM:9-16; PDF p.1,Только при наличии формул,select Variable style,manual,src/shared/lib/math-converter.ts:117-120,no italic assertion,Статический анализ; динамические доказательства отдельно в special-probes.json,no italic assertion,special-atoms.csv
SPECIAL-F05,formula,local-source-19: Local methodical material: formula typesetting,FORM:9-16; PDF p.1,Только при наличии формул,select Greek-Symbol style,manual,src/shared/lib/math-converter.ts:117-120,no Greek style assertion,Статический анализ; динамические доказательства отдельно в special-probes.json,no Greek style assertion,special-atoms.csv
SPECIAL-F06,formula,local-source-19: Local methodical material: formula typesetting,FORM:9-16; PDF p.1,Только при наличии формул,select Vector-Matrix style,missing,src/shared/lib/math-converter.ts:76-200,no policy,Статический анализ; динамические доказательства отдельно в special-probes.json,no policy,special-atoms.csv
SPECIAL-F07,formula,local-source-19: Local methodical material: formula typesetting,FORM:9-16; PDF p.1,Только при наличии формул,select Text style for text fragment,manual,src/features/markdown-parser/lib/parser/handlers/math-handler.ts:42-44,fallback is not semantic Text style,Статический анализ; динамические доказательства отдельно в special-probes.json,fallback is not semantic Text style,special-atoms.csv
SPECIAL-F08,formula,local-source-19: Local methodical material: formula typesetting,FORM:20; PDF p.1,Только при наличии формул,digits upright,manual,src/shared/lib/math-converter.ts:117-120,no OMML run property test,Статический анализ; динамические доказательства отдельно в special-probes.json,no OMML run property test,special-atoms.csv
SPECIAL-F09,formula,local-source-19: Local methodical material: formula typesetting,FORM:21-23; PDF p.1,Только при наличии формул,decimal separator comma,partial,src/shared/lib/source-preflight/formula-checker.ts:321-370,no decimal semantic test,Статический анализ; динамические доказательства отдельно в special-probes.json,no decimal semantic test,special-atoms.csv
SPECIAL-F10,formula,local-source-19: Local methodical material: formula typesetting,FORM:24-26; PDF p.1,Только при наличии формул,Latin variable italic,manual,src/shared/lib/math-converter.ts:117-120,no style test,Статический анализ; динамические доказательства отдельно в special-probes.json,no style test,special-atoms.csv
SPECIAL-F11,formula,local-source-19: Local methodical material: formula typesetting,FORM:24-26; PDF p.1,Только при наличии формул,unit letter italic,manual,src/shared/lib/math-converter.ts:117-120,no style test,Статический анализ; динамические доказательства отдельно в special-probes.json,no style test,special-atoms.csv
SPECIAL-F12,formula,local-source-19: Local methodical material: formula typesetting,FORM:27-28; PDF p.1,Только при наличии формул,uppercase Greek upright,manual,src/shared/lib/math-converter.ts:117-120,no style test,Статический анализ; динамические доказательства отдельно в special-probes.json,no style test,special-atoms.csv
SPECIAL-F13,formula,local-source-19: Local methodical material: formula typesetting,FORM:28-29; PDF p.1,Только при наличии формул,lowercase Greek italic,manual,src/shared/lib/math-converter.ts:117-120,no style test,Статический анализ; динамические доказательства отдельно в special-probes.json,no style test,special-atoms.csv
SPECIAL-F14,formula,local-source-19: Local methodical material: formula typesetting,FORM:32; PDF p.1,Только при наличии формул,lowercase vector upright bold,missing,src/shared/lib/math-converter.ts:76-200,no vector detection/style,Статический анализ; динамические доказательства отдельно в special-probes.json,no vector detection/style,special-atoms.csv
SPECIAL-F15,formula,local-source-19: Local methodical material: formula typesetting,FORM:33; PDF p.1,Только при наличии формул,uppercase matrix upright bold,missing,src/shared/lib/math-converter.ts:76-200,no matrix detection/style,Статический анализ; динамические доказательства отдельно в special-probes.json,no matrix detection/style,special-atoms.csv
SPECIAL-F16,formula,local-source-19: Local methodical material: formula typesetting,FORM:34; PDF p.1,Только при наличии формул,ordinary function upright,partial,src/shared/lib/source-preflight/formula-checker.ts:33-60,no output-style test,Статический анализ; динамические доказательства отдельно в special-probes.json,no output-style test,special-atoms.csv
SPECIAL-F17,formula,local-source-19: Local methodical material: formula typesetting,FORM:35; PDF p.1,Только при наличии формул,trigonometric function upright,partial,src/shared/lib/source-preflight/formula-checker.ts:33-60,no output-style test,Статический анализ; динамические доказательства отдельно в special-probes.json,no output-style test,special-atoms.csv
SPECIAL-F18,formula,local-source-19: Local methodical material: formula typesetting,FORM:36; PDF p.1,Только при наличии формул,temperature unit upright,missing,src/shared/lib/math-converter.ts:117-120,no unit policy,Статический анализ; динамические доказательства отдельно в special-probes.json,no unit policy,special-atoms.csv
SPECIAL-F19,formula,local-source-19: Local methodical material: formula typesetting,FORM:37; PDF p.1,Только при наличии формул,chemical element upright,missing,src/shared/lib/math-converter.ts:117-120,no chemistry policy,Статический анализ; динамические доказательства отдельно в special-probes.json,no chemistry policy,special-atoms.csv
SPECIAL-F20,formula,local-source-19: Local methodical material: formula typesetting,FORM:39-40; PDF p.1,Только при наличии формул,abbreviated subscript upright,missing,src/shared/lib/math-converter.ts:122-148,no classifier,Статический анализ; динамические доказательства отдельно в special-probes.json,no classifier,special-atoms.csv
SPECIAL-F21,formula,local-source-19: Local methodical material: formula typesetting,FORM:40-41; PDF p.1,Только при наличии формул,numeric subscript retained as index,manual,src/shared/lib/math-converter.ts:122-148,no fixture,Статический анализ; динамические доказательства отдельно в special-probes.json,no fixture,special-atoms.csv
SPECIAL-F22,formula,local-source-19: Local methodical material: formula typesetting,FORM:42-44; PDF p.1,Только при наличии формул,break first on relation sign,manual,src/shared/lib/source-preflight/formula-checker.ts:72-119,no layout test,Статический анализ; динамические доказательства отдельно в special-probes.json,no layout test,special-atoms.csv
SPECIAL-F23,formula,local-source-19: Local methodical material: formula typesetting,FORM:43-44; PDF p.1,Только при наличии формул,break second on ellipsis,manual,src/shared/lib/source-preflight/formula-checker.ts:72-119,no layout test,Статический анализ; динамические доказательства отдельно в special-probes.json,no layout test,special-atoms.csv
SPECIAL-F24,formula,local-source-19: Local methodical material: formula typesetting,FORM:44; PDF p.1,Только при наличии формул,break third on plus/minus,manual,src/shared/lib/source-preflight/formula-checker.ts:72-119,no layout test,Статический анализ; динамические доказательства отдельно в special-probes.json,no layout test,special-atoms.csv
SPECIAL-F25,formula,local-source-19: Local methodical material: formula typesetting,FORM:44-45; PDF p.1,Только при наличии формул,break last on multiplication cross,manual,src/shared/lib/source-preflight/formula-checker.ts:72-119,no layout test,Статический анализ; динамические доказательства отдельно в special-probes.json,no layout test,special-atoms.csv
SPECIAL-F26,formula,local-source-19: Local methodical material: formula typesetting,FORM:45-46; PDF p.1,Только при наличии формул,never break at division,partial,src/shared/lib/source-preflight/formula-checker.ts:72-119,source check only,Статический анализ; динамические доказательства отдельно в special-probes.json,source check only,special-atoms.csv
SPECIAL-F27,formula,local-source-19: Local methodical material: formula typesetting,FORM:46-47; PDF p.1,Только при наличии формул,repeat operator at next line,manual,src/shared/lib/source-preflight/formula-checker.ts:72-119,no layout test,Статический анализ; динамические доказательства отдельно в special-probes.json,no layout test,special-atoms.csv
SPECIAL-F28,formula,local-source-19: Local methodical material: formula typesetting,FORM:151-152; PDF p.2,Только при наличии формул,do not separate subscript from base,manual,src/shared/lib/math-converter.ts:122-148,Word no-break needed,Статический анализ; динамические доказательства отдельно в special-probes.json,Word no-break needed,special-atoms.csv
SPECIAL-F29,formula,local-source-19: Local methodical material: formula typesetting,FORM:151-152; PDF p.2,Только при наличии формул,do not separate superscript from base,manual,src/shared/lib/math-converter.ts:131-148,Word no-break needed,Статический анализ; динамические доказательства отдельно в special-probes.json,Word no-break needed,special-atoms.csv
SPECIAL-F30,formula,local-source-19: Local methodical material: formula typesetting,FORM:152-154; PDF p.2,Только при наличии формул,do not separate integrand from integral,manual,src/shared/lib/math-converter.ts:164-200,Word no-break needed,Статический анализ; динамические доказательства отдельно в special-probes.json,Word no-break needed,special-atoms.csv
SPECIAL-F31,formula,local-source-19: Local methodical material: formula typesetting,FORM:152-154; PDF p.2,Только при наличии формул,do not separate expression from logarithm,manual,src/shared/lib/math-converter.ts:76-105,Word no-break needed,Статический анализ; динамические доказательства отдельно в special-probes.json,Word no-break needed,special-atoms.csv
SPECIAL-F32,formula,local-source-19: Local methodical material: formula typesetting,FORM:152-154; PDF p.2,Только при наличии формул,do not separate expression from sum/product,manual,src/shared/lib/math-converter.ts:194-200,Word no-break needed,Статический анализ; динамические доказательства отдельно в special-probes.json,Word no-break needed,special-atoms.csv
SPECIAL-F33,formula,local-source-19: Local methodical material: formula typesetting,FORM:155-156; PDF p.2,Только при наличии формул,small non-independent formula inline,manual,src/features/markdown-parser/lib/parser/handlers/inline-parser.ts:103,author classification,Статический анализ; динамические доказательства отдельно в special-probes.json,author classification,special-atoms.csv
SPECIAL-F34,formula,local-source-19: Local methodical material: formula typesetting,FORM:156-159; PDF p.2,Только при наличии формул,important formula display,manual,src/features/markdown-parser/lib/parser/handlers/math-handler.ts:19-92,author classification,Статический анализ; динамические доказательства отдельно в special-probes.json,author classification,special-atoms.csv
SPECIAL-F35,formula,local-source-19: Local methodical material: formula typesetting,FORM:156-159; PDF p.2,Только при наличии формул,numbered formula display,partial,src/features/markdown-parser/lib/parser/handlers/math-handler.ts:23-37,visual result absent,Статический анализ; динамические доказательства отдельно в special-probes.json,visual result absent,special-atoms.csv
SPECIAL-F36,formula,local-source-19: Local methodical material: formula typesetting,FORM:157-159; PDF p.2,Только при наличии формул,long formula display,manual,src/features/markdown-parser/lib/parser/handlers/math-handler.ts:19-92,no length rule,Статический анализ; динамические доказательства отдельно в special-probes.json,no length rule,special-atoms.csv
SPECIAL-F37,formula,local-source-19: Local methodical material: formula typesetting,FORM:157-159; PDF p.2,Только при наличии формул,sum/product formula display,manual,src/features/markdown-parser/lib/parser/handlers/math-handler.ts:19-92,no semantic rule,Статический анализ; динамические доказательства отдельно в special-probes.json,no semantic rule,special-atoms.csv
SPECIAL-F38,formula,local-source-19: Local methodical material: formula typesetting,FORM:160-168; PDF p.2,Только при наличии формул,number only formula referenced in text,manual,src/shared/lib/source-preflight/formula-checker.ts:181-267,no reference semantic test,Статический анализ; динамические доказательства отдельно в special-probes.json,no reference semantic test,special-atoms.csv
SPECIAL-F39,formula,local-source-19: Local methodical material: formula typesetting,FORM:167-168; PDF p.2,Только при наличии формул,number enclosed in parentheses,partial,src/features/markdown-parser/lib/parser/handlers/math-handler.ts:29-36,test needs rendered fixture,Статический анализ; динамические доказательства отдельно в special-probes.json,test needs rendered fixture,special-atoms.csv
SPECIAL-F40,formula,local-source-19: Local methodical material: formula typesetting,FORM:167-168; PDF p.2,Только при наличии формул,number at right page edge,manual,src/features/markdown-parser/lib/parser/handlers/math-handler.ts:64-90,Word geometry absent,Статический анализ; динамические доказательства отдельно в special-probes.json,Word geometry absent,special-atoms.csv
SPECIAL-F41,formula,local-source-19: Local methodical material: formula typesetting,FORM:178-181; PDF p.2,Только при наличии формул,consecutive display formulas comma/semicolon,partial,src/shared/lib/source-preflight/formula-checker.ts:151-179,only adjacent blocks,Статический анализ; динамические доказательства отдельно в special-probes.json,only adjacent blocks,special-atoms.csv
SPECIAL-F42,formula,local-source-19: Local methodical material: formula typesetting,FORM:182-183; PDF p.2,Только при наличии формул,Russian punctuation around formula,partial,src/shared/lib/source-preflight/formula-checker.ts:151-179,context incomplete,Статический анализ; динамические доказательства отдельно в special-probes.json,context incomplete,special-atoms.csv
SPECIAL-F43,formula,local-source-19: Local methodical material: formula typesetting,FORM:184-186; PDF p.2,Только при наличии формул,round brackets cover expression height,manual,src/shared/lib/math-converter.ts:215-226,no rendered fixture,Статический анализ; динамические доказательства отдельно в special-probes.json,no rendered fixture,special-atoms.csv
SPECIAL-F44,formula,local-source-19: Local methodical material: formula typesetting,FORM:184-186; PDF p.2,Только при наличии формул,square brackets cover expression height,manual,src/shared/lib/math-converter.ts:215-226,no rendered fixture,Статический анализ; динамические доказательства отдельно в special-probes.json,no rendered fixture,special-atoms.csv
SPECIAL-F45,formula,local-source-19: Local methodical material: formula typesetting,FORM:184-186; PDF p.2,Только при наличии формул,braces cover expression height,manual,src/shared/lib/math-converter.ts:215-226,no rendered fixture,Статический анализ; динамические доказательства отдельно в special-probes.json,no rendered fixture,special-atoms.csv
SPECIAL-F46,formula,local-source-19: Local methodical material: formula typesetting,FORM:187-190; PDF p.2,Только при наличии формул,mid-dot primary multiplication sign,partial,src/shared/lib/source-preflight/formula-checker.ts:122-148,no rendered glyph test,Статический анализ; динамические доказательства отдельно в special-probes.json,no rendered glyph test,special-atoms.csv
SPECIAL-F47,formula,local-source-19: Local methodical material: formula typesetting,FORM:200-205; PDF p.3,Только при наличии формул,no dot between number and letter,partial,src/shared/lib/source-preflight/formula-checker.ts:122-148,operand semantics absent,Статический анализ; динамические доказательства отдельно в special-probes.json,operand semantics absent,special-atoms.csv
SPECIAL-F48,formula,local-source-19: Local methodical material: formula typesetting,FORM:200-205; PDF p.3,Только при наличии формул,no dot with vector-matrix or parentheses/function argument,partial,src/shared/lib/source-preflight/formula-checker.ts:122-148,operand semantics absent,Статический анализ; динамические доказательства отдельно в special-probes.json,operand semantics absent,special-atoms.csv
SPECIAL-F49,formula,local-source-19: Local methodical material: formula typesetting,FORM:206-209; PDF p.3,Только при наличии формул,cross only permitted product contexts,partial,src/shared/lib/source-preflight/formula-checker.ts:122-148,semantic context absent,Статический анализ; динамические доказательства отдельно в special-probes.json,semantic context absent,special-atoms.csv
SPECIAL-F50,formula,local-source-19: Local methodical material: formula typesetting,FORM:211-214; PDF p.3,Только при наличии формул,ellipsis preceded/followed by operation signs,partial,src/shared/lib/source-preflight/formula-checker.ts:321-364,no AST test,Статический анализ; динамические доказательства отдельно в special-probes.json,no AST test,special-atoms.csv
SPECIAL-L01,list,local-source-20: Local methodical material: lists and bibliography,LIST:8-9; PDF p.1,Только при наличии перечней,top item hyphen,partial,src/shared/config/sto-styles.ts:354-370,no Word indent test,Статический анализ; динамические доказательства отдельно в special-probes.json,no Word indent test,special-atoms.csv
SPECIAL-L02,list,local-source-20: Local methodical material: lists and bibliography,LIST:10-13; PDF p.1,Только при наличии перечней,second level Russian lower letter parenthesis,implemented,src/shared/config/sto-styles.ts:371-385; sto-rules.json:81-117,source tests,Статический анализ; динамические доказательства отдельно в special-probes.json,source tests,special-atoms.csv
SPECIAL-L03,list,local-source-20: Local methodical material: lists and bibliography,LIST:10-13; PDF p.1,Только при наличии перечней,exclude й,implemented,sto-rules.json:81-117,source tests,Статический анализ; динамические доказательства отдельно в special-probes.json,source tests,special-atoms.csv
SPECIAL-L04,list,local-source-20: Local methodical material: lists and bibliography,LIST:10-13; PDF p.1,Только при наличии перечней,exclude ё,implemented,sto-rules.json:81-117,source tests,Статический анализ; динамические доказательства отдельно в special-probes.json,source tests,special-atoms.csv
SPECIAL-L05,list,local-source-20: Local methodical material: lists and bibliography,LIST:10-13; PDF p.1,Только при наличии перечней,exclude з,implemented,sto-rules.json:81-117,source tests,Статический анализ; динамические доказательства отдельно в special-probes.json,source tests,special-atoms.csv
SPECIAL-L06,list,local-source-20: Local methodical material: lists and bibliography,LIST:10-13; PDF p.1,Только при наличии перечней,exclude о,implemented,sto-rules.json:81-117,source tests,Статический анализ; динамические доказательства отдельно в special-probes.json,source tests,special-atoms.csv
SPECIAL-L07,list,local-source-20: Local methodical material: lists and bibliography,LIST:10-13; PDF p.1,Только при наличии перечней,exclude ч,implemented,sto-rules.json:81-117,source tests,Статический анализ; динамические доказательства отдельно в special-probes.json,source tests,special-atoms.csv
SPECIAL-L08,list,local-source-20: Local methodical material: lists and bibliography,LIST:10-13; PDF p.1,Только при наличии перечней,exclude ь,implemented,sto-rules.json:81-117,source tests,Статический анализ; динамические доказательства отдельно в special-probes.json,source tests,special-atoms.csv
SPECIAL-L09,list,local-source-20: Local methodical material: lists and bibliography,LIST:10-13; PDF p.1,Только при наличии перечней,exclude ы,implemented,sto-rules.json:81-117,source tests,Статический анализ; динамические доказательства отдельно в special-probes.json,source tests,special-atoms.csv
SPECIAL-L10,list,local-source-20: Local methodical material: lists and bibliography,LIST:10-13; PDF p.1,Только при наличии перечней,exclude ъ,implemented,sto-rules.json:81-117,source tests,Статический анализ; динамические доказательства отдельно в special-probes.json,source tests,special-atoms.csv
SPECIAL-L11,list,local-source-20: Local methodical material: lists and bibliography,LIST:14-16; PDF p.1,Только при наличии перечней,third level Arabic parenthesis,implemented,src/shared/config/sto-styles.ts:386-401,render absent,Статический анализ; динамические доказательства отдельно в special-probes.json,render absent,special-atoms.csv
SPECIAL-L12,list,local-source-20: Local methodical material: lists and bibliography,LIST:15-16; PDF p.1,Только при наличии перечней,no point after parenthesis,partial,src/shared/lib/source-preflight/list-checker.ts:185-218,no rendered test,Статический анализ; динамические доказательства отдельно в special-probes.json,no rendered test,special-atoms.csv
SPECIAL-L13,list,local-source-20: Local methodical material: lists and bibliography,LIST:15-16; PDF p.1,Только при наличии перечней,every item paragraph indent,manual,src/shared/config/sto-styles.ts:354-451,no effective-layout proof,Статический анализ; динамические доказательства отдельно в special-probes.json,no effective-layout proof,special-atoms.csv
SPECIAL-L14,list,local-source-20: Local methodical material: lists and bibliography,LIST:45-49; PDF p.4,Только при наличии перечней,lead-in sentence before list,partial,src/shared/lib/source-preflight/list-checker.ts:133-183,heuristic only,Статический анализ; динамические доказательства отдельно в special-probes.json,heuristic only,special-atoms.csv
SPECIAL-L15,list,local-source-20: Local methodical material: lists and bibliography,LIST:49-54; PDF p.4,Только при наличии перечней,lead-in generalizing word,manual,src/shared/lib/source-preflight/list-checker.ts:133-183,semantic only,Статический анализ; динамические доказательства отдельно в special-probes.json,semantic only,special-atoms.csv
SPECIAL-L16,list,local-source-20: Local methodical material: lists and bibliography,LIST:55-61; PDF p.4,Только при наличии перечней,move trailing preposition into first item,partial,src/shared/lib/source-preflight/list-checker.ts:133-183,fixed word set,Статический анализ; динамические доказательства отдельно в special-probes.json,fixed word set,special-atoms.csv
SPECIAL-L17,list,local-source-20: Local methodical material: lists and bibliography,LIST:69-73; PDF p.5,Только при наличии перечней,colon after direct lead-in,partial,src/shared/lib/source-preflight/list-checker.ts:133-183,semantic relation absent,Статический анализ; динамические доказательства отдельно в special-probes.json,semantic relation absent,special-atoms.csv
SPECIAL-L18,list,local-source-20: Local methodical material: lists and bibliography,LIST:74-77; PDF p.5,Только при наличии перечней,full stop allowed after weak lead-in,manual,src/shared/lib/source-preflight/list-checker.ts:133-183,semantic relation absent,Статический анализ; динамические доказательства отдельно в special-probes.json,semantic relation absent,special-atoms.csv
SPECIAL-L19,list,local-source-20: Local methodical material: lists and bibliography,LIST:example; PDF p.8,Только при наличии перечней,inline list uses comma for simple items,missing,src/shared/lib/source-preflight/list-checker.ts:419-462,no model,Статический анализ; динамические доказательства отдельно в special-probes.json,no model,special-atoms.csv
SPECIAL-L20,list,local-source-20: Local methodical material: lists and bibliography,LIST:example; PDF p.8,Только при наличии перечней,inline list uses semicolon for complex items,missing,src/shared/lib/source-preflight/list-checker.ts:419-462,no model,Статический анализ; динамические доказательства отдельно в special-probes.json,no model,special-atoms.csv
SPECIAL-L21,list,local-source-20: Local methodical material: lists and bibliography,LIST:122-132; PDF p.11,Только при наличии перечней,uppercase-letter marker dot,unsupported,src/shared/config/sto-styles.ts:354-451,no level,Статический анализ; динамические доказательства отдельно в special-probes.json,no level,special-atoms.csv
SPECIAL-L22,list,local-source-20: Local methodical material: lists and bibliography,LIST:122-132; PDF p.11,Только при наличии перечней,Roman marker dot,unsupported,src/shared/config/sto-styles.ts:354-451,no level,Статический анализ; динамические доказательства отдельно в special-probes.json,no level,special-atoms.csv
SPECIAL-L23,list,local-source-20: Local methodical material: lists and bibliography,LIST:122-132; PDF p.11,Только при наличии перечней,decimal marker dot,partial,ordered-numbering.ts:404-419,no capitalization policy,Статический анализ; динамические доказательства отдельно в special-probes.json,no capitalization policy,special-atoms.csv
SPECIAL-L24,list,local-source-20: Local methodical material: lists and bibliography,LIST:122-132; PDF p.11,Только при наличии перечней,upper/dot item begins uppercase,manual,src/shared/lib/source-preflight/list-checker.ts:185-417,no generator level,Статический анализ; динамические доказательства отдельно в special-probes.json,no generator level,special-atoms.csv
SPECIAL-L25,list,local-source-20: Local methodical material: lists and bibliography,LIST:122-132; PDF p.11,Только при наличии перечней,upper/dot item ends full stop,partial,src/shared/lib/source-preflight/list-checker.ts:185-417,no render,Статический анализ; динамические доказательства отдельно в special-probes.json,no render,special-atoms.csv
SPECIAL-L26,list,local-source-20: Local methodical material: lists and bibliography,LIST:133-160; PDF p.12,Только при наличии перечней,lower-letter parenthesis item begins lowercase,partial,src/shared/lib/source-preflight/list-checker.ts:185-417,no semantic phrase check,Статический анализ; динамические доказательства отдельно в special-probes.json,no semantic phrase check,special-atoms.csv
SPECIAL-L27,list,local-source-20: Local methodical material: lists and bibliography,LIST:133-160; PDF p.12,Только при наличии перечней,Arabic-parenthesis item begins lowercase,partial,src/shared/lib/source-preflight/list-checker.ts:185-417,no semantic phrase check,Статический анализ; динамические доказательства отдельно в special-probes.json,no semantic phrase check,special-atoms.csv
SPECIAL-L28,list,local-source-20: Local methodical material: lists and bibliography,LIST:133-160; PDF p.12,Только при наличии перечней,hyphen item begins lowercase,partial,src/shared/lib/source-preflight/list-checker.ts:185-417,no semantic phrase check,Статический анализ; динамические доказательства отдельно в special-probes.json,no semantic phrase check,special-atoms.csv
SPECIAL-L29,list,local-source-20: Local methodical material: lists and bibliography,LIST:133-160; PDF p.12,Только при наличии перечней,lower/simple nonfinal item comma,partial,src/shared/lib/source-preflight/list-checker.ts:185-417,no multi-paragraph support,Статический анализ; динамические доказательства отдельно в special-probes.json,no multi-paragraph support,special-atoms.csv
SPECIAL-L30,list,local-source-20: Local methodical material: lists and bibliography,LIST:133-160; PDF p.12,Только при наличии перечней,lower/complex nonfinal item semicolon,partial,src/shared/lib/source-preflight/list-checker.ts:185-417,no syntax model,Статический анализ; динамические доказательства отдельно в special-probes.json,no syntax model,special-atoms.csv
SPECIAL-L31,list,local-source-20: Local methodical material: lists and bibliography,LIST:168-184; PDF p.13,Только при наличии перечней,last item full stop,implemented,src/shared/lib/source-preflight/list-checker.ts:185-417,source tests,Статический анализ; динамические доказательства отдельно в special-probes.json,source tests,special-atoms.csv
SPECIAL-L32,list,local-source-20: Local methodical material: lists and bibliography,LIST:168-184; PDF p.13,Только при наличии перечней,marker style not mixed at level,implemented,src/shared/lib/source-preflight/list-checker.ts:354-417,source tests,Статический анализ; динамические доказательства отдельно в special-probes.json,source tests,special-atoms.csv
SPECIAL-L33,list,local-source-20: Local methodical material: lists and bibliography,LIST:168-184; PDF p.13,Только при наличии перечней,number sequence consecutive,implemented,src/shared/lib/source-preflight/list-checker.ts:354-417,source tests,Статический анализ; динамические доказательства отдельно в special-probes.json,source tests,special-atoms.csv
SPECIAL-B01,bibliography,local-source-11: ГОСТ Р 7.0.100-2018 (local copy not published),G100:5.2.3; PDF p.22,При самостоятельном библиографическом списке и выбранном уровне описания; не переносить автоматически на затекстовую ссылку,book title required,partial,src/shared/lib/source-preflight/bibliography-checker.ts; src/features/markdown-parser/lib/utils/bib-formatter.ts,missing cited title is an error and no fallback is generated,tests/source-preflight/bibliography_regression_tests.ts; tests/bibliography/bib-gost.test.ts,editorial title still requires source review,special-atoms.csv
SPECIAL-B02,bibliography,local-source-11: ГОСТ Р 7.0.100-2018 (local copy not published),G100:5.2.6; PDF p.31,При самостоятельном библиографическом списке и выбранном уровне описания; не переносить автоматически на затекстовую ссылку,book responsibility required category,partial,src/features/markdown-parser/lib/utils/bib-formatter.ts:270-305,no complete field validation,Статический анализ; динамические доказательства отдельно в special-probes.json,no complete field validation,special-atoms.csv
SPECIAL-B03,bibliography,local-source-11: ГОСТ Р 7.0.100-2018 (local copy not published),G100:5.3.3; PDF p.38,При самостоятельном библиографическом списке и выбранном уровне описания; не переносить автоматически на затекстовую ссылку,edition statement required when present,partial,src/features/markdown-parser/lib/utils/bib-formatter.ts:154,no source completeness validation,Статический анализ; динамические доказательства отдельно в special-probes.json,no source completeness validation,special-atoms.csv
SPECIAL-B04,bibliography,local-source-11: ГОСТ Р 7.0.100-2018 (local copy not published),G100:5.5.3; PDF p.46,При самостоятельном библиографическом списке и выбранном уровне описания; не переносить автоматически на затекстовую ссылку,place conditional on source data,partial,src/features/markdown-parser/lib/utils/bib-formatter.ts; src/shared/lib/source-preflight/bibliography-checker.ts,no automatic [Б. м.] fallback,tests/bibliography/bib-gost.test.ts,author verifies source and supplies justified editorial designation,special-atoms.csv
SPECIAL-B05,bibliography,local-source-11: ГОСТ Р 7.0.100-2018 (local copy not published),G100:5.5.4; PDF p.49,При самостоятельном библиографическом списке и выбранном уровне описания; не переносить автоматически на затекстовую ссылку,publisher conditional on source data,partial,src/features/markdown-parser/lib/utils/bib-formatter.ts; src/shared/lib/source-preflight/bibliography-checker.ts,no automatic [б. и.] fallback,tests/bibliography/bib-gost.test.ts,author verifies source and supplies justified editorial designation,special-atoms.csv
SPECIAL-B06,bibliography,local-source-11: ГОСТ Р 7.0.100-2018 (local copy not published),G100:5.5.5; PDF p.52,При самостоятельном библиографическом списке и выбранном уровне описания; не переносить автоматически на затекстовую ссылку,publication date required,partial,src/features/markdown-parser/lib/utils/bib-formatter.ts:163,no required-year validation in formatter,Статический анализ; динамические доказательства отдельно в special-probes.json,no required-year validation in formatter,special-atoms.csv
SPECIAL-B07,bibliography,local-source-11: ГОСТ Р 7.0.100-2018 (local copy not published),G100:5.6.3; PDF p.55,При самостоятельном библиографическом списке и выбранном уровне описания; не переносить автоматически на затекстовую ссылку,book extent required,partial,src/features/markdown-parser/lib/utils/bib-formatter.ts:166-169,no source completeness validation,Статический анализ; динамические доказательства отдельно в special-probes.json,no source completeness validation,special-atoms.csv
SPECIAL-B08,bibliography,local-source-11: ГОСТ Р 7.0.100-2018 (local copy not published),G100:5.2.4; PDF p.26,При самостоятельном библиографическом списке и выбранном уровне описания; не переносить автоматически на затекстовую ссылку,parallel title optional,partial,src/features/markdown-parser/lib/utils/bib-format-utils.ts: explicit paralleltitle area,tests/bibliography/bib-areas.test.ts; tests/bibliography/bib-gost.test.ts,Supplied field is rendered in the corresponding description area; contradictory dependent fields fail.,Only supported entry types and field combinations; full conditional grammar and source-truth review remain open.,special-atoms.csv
SPECIAL-B09,bibliography,local-source-11: ГОСТ Р 7.0.100-2018 (local copy not published),G100:5.2.5; PDF p.27,При самостоятельном библиографическом списке и выбранном уровне описания; не переносить автоматически на затекстовую ссылку,title-related information conditional,partial,src/features/markdown-parser/lib/utils/bib-format-utils.ts: explicit subtitle area,tests/bibliography/bib-areas.test.ts; tests/bibliography/bib-gost.test.ts,Supplied field is rendered in the corresponding description area; contradictory dependent fields fail.,Only supported entry types and field combinations; full conditional grammar and source-truth review remain open.,special-atoms.csv
SPECIAL-B10,bibliography,local-source-11: ГОСТ Р 7.0.100-2018 (local copy not published),G100:5.3.4; PDF p.39,При самостоятельном библиографическом списке и выбранном уровне описания; не переносить автоматически на затекстовую ссылку,parallel edition optional,partial,src/features/markdown-parser/lib/utils/bib-format-utils.ts: explicit paralleledition area,tests/bibliography/bib-areas.test.ts; tests/bibliography/bib-gost.test.ts,Supplied field is rendered in the corresponding description area; contradictory dependent fields fail.,Only supported entry types and field combinations; full conditional grammar and source-truth review remain open.,special-atoms.csv
SPECIAL-B11,bibliography,local-source-11: ГОСТ Р 7.0.100-2018 (local copy not published),G100:5.3.5; PDF p.41,При самостоятельном библиографическом списке и выбранном уровне описания; не переносить автоматически на затекстовую ссылку,edition responsibility conditional,partial,src/features/markdown-parser/lib/utils/bib-format-utils.ts: explicit editionresponsibility area,tests/bibliography/bib-areas.test.ts; tests/bibliography/bib-gost.test.ts,Supplied field is rendered in the corresponding description area; contradictory dependent fields fail.,Only supported entry types and field combinations; full conditional grammar and source-truth review remain open.,special-atoms.csv
SPECIAL-B12,bibliography,local-source-11: ГОСТ Р 7.0.100-2018 (local copy not published),G100:5.3.6; PDF p.41,При самостоятельном библиографическом списке и выбранном уровне описания; не переносить автоматически на затекстовую ссылку,additional edition data required,partial,src/features/markdown-parser/lib/utils/bib-format-utils.ts: explicit editionaddition area,tests/bibliography/bib-areas.test.ts; tests/bibliography/bib-gost.test.ts,Supplied field is rendered in the corresponding description area; contradictory dependent fields fail.,Only supported entry types and field combinations; full conditional grammar and source-truth review remain open.,special-atoms.csv
SPECIAL-B13,bibliography,local-source-11: ГОСТ Р 7.0.100-2018 (local copy not published),G100:5.6.4; PDF p.57,При самостоятельном библиографическом списке и выбранном уровне описания; не переносить автоматически на затекстовую ссылку,other physical characteristics optional,partial,src/features/markdown-parser/lib/utils/bib-format-utils.ts: explicit physicaldetails area,tests/bibliography/bib-areas.test.ts; tests/bibliography/bib-gost.test.ts,Supplied field is rendered in the corresponding description area; contradictory dependent fields fail.,Only supported entry types and field combinations; full conditional grammar and source-truth review remain open.,special-atoms.csv
SPECIAL-B14,bibliography,local-source-11: ГОСТ Р 7.0.100-2018 (local copy not published),G100:5.6.5; PDF p.57,При самостоятельном библиографическом списке и выбранном уровне описания; не переносить автоматически на затекстовую ссылку,size optional,partial,src/features/markdown-parser/lib/utils/bib-format-utils.ts: explicit dimensions area,tests/bibliography/bib-areas.test.ts; tests/bibliography/bib-gost.test.ts,Supplied field is rendered in the corresponding description area; contradictory dependent fields fail.,Only supported entry types and field combinations; full conditional grammar and source-truth review remain open.,special-atoms.csv
SPECIAL-B15,bibliography,local-source-11: ГОСТ Р 7.0.100-2018 (local copy not published),G100:5.6.6; PDF p.60,При самостоятельном библиографическом списке и выбранном уровне описания; не переносить автоматически на затекстовую ссылку,accompanying material optional,partial,src/features/markdown-parser/lib/utils/bib-format-utils.ts: explicit accompanyingmaterial area,tests/bibliography/bib-areas.test.ts; tests/bibliography/bib-gost.test.ts,Supplied field is rendered in the corresponding description area; contradictory dependent fields fail.,Only supported entry types and field combinations; full conditional grammar and source-truth review remain open.,special-atoms.csv
SPECIAL-B16,bibliography,local-source-11: ГОСТ Р 7.0.100-2018 (local copy not published),G100:5.7; PDF p.60,При самостоятельном библиографическом списке и выбранном уровне описания; не переносить автоматически на затекстовую ссылку,series area,partial,src/features/markdown-parser/lib/utils/bib-formatter.ts: явные series/number,tests/bibliography/bib-gost.test.ts: серия книги,Присутствующая серия выводится в области серии,Полная область серии и многочастные записи требуют отдельной модели,special-atoms.csv
SPECIAL-B17,bibliography,local-source-11: ГОСТ Р 7.0.100-2018 (local copy not published),G100:5.8; PDF p.64,При самостоятельном библиографическом списке и выбранном уровне описания; не переносить автоматически на затекстовую ссылку,note area and prescribed punctuation,partial,src/features/markdown-parser/lib/utils/bib-format-utils.ts: explicit bibliographicnote area,tests/bibliography/bib-areas.test.ts; tests/bibliography/bib-gost.test.ts,Supplied field is rendered in the corresponding description area; contradictory dependent fields fail.,Only supported entry types and field combinations; full conditional grammar and source-truth review remain open.,special-atoms.csv
SPECIAL-B18,bibliography,local-source-11: ГОСТ Р 7.0.100-2018 (local copy not published),G100:5.9; PDF p.68,При самостоятельном библиографическом списке и выбранном уровне описания; не переносить автоматически на затекстовую ссылку,identifier/access conditions,partial,src/features/markdown-parser/lib/utils/bib-format-utils.ts: explicit isbn/issn/ismn/doi area,tests/bibliography/bib-areas.test.ts; tests/bibliography/bib-gost.test.ts,Supplied field is rendered in the corresponding description area; contradictory dependent fields fail.,Only supported entry types and field combinations; full conditional grammar and source-truth review remain open.,special-atoms.csv
SPECIAL-B19,bibliography,local-source-11: ГОСТ Р 7.0.100-2018 (local copy not published),G100:5.10; PDF p.71,При самостоятельном библиографическом списке и выбранном уровне описания; не переносить автоматически на затекстовую ссылку,content/media/access area,partial,src/features/markdown-parser/lib/utils/bib-format-utils.ts: explicit contenttype+mediatype area,tests/bibliography/bib-areas.test.ts; tests/bibliography/bib-gost.test.ts,Supplied field is rendered in the corresponding description area; contradictory dependent fields fail.,Only supported entry types and field combinations; full conditional grammar and source-truth review remain open.,special-atoms.csv
SPECIAL-B20,bibliography,local-source-11: ГОСТ Р 7.0.100-2018 (local copy not published),G100:6.1; PDF p.81,При самостоятельном библиографическом списке и выбранном уровне описания; не переносить автоматически на затекстовую ссылку,multi-level record,unsupported,src/features/markdown-parser/lib/utils/bib-formatter.ts:19-88,no nesting model,Статический анализ; динамические доказательства отдельно в special-probes.json,no nesting model,special-atoms.csv
SPECIAL-B21,bibliography,local-source-11: ГОСТ Р 7.0.100-2018 (local copy not published),G100:6.2; PDF p.82,При самостоятельном библиографическом списке и выбранном уровне описания; не переносить автоматически на затекстовую ссылку,multipart monograph,unsupported,src/features/markdown-parser/lib/utils/bib-formatter.ts:141-170,no level model,Статический анализ; динамические доказательства отдельно в special-probes.json,no level model,special-atoms.csv
SPECIAL-B22,bibliography,local-source-11: ГОСТ Р 7.0.100-2018 (local copy not published),G100:6.3; PDF p.87,При самостоятельном библиографическом списке и выбранном уровне описания; не переносить автоматически на затекстовую ссылку,serial resource,unsupported,src/features/markdown-parser/lib/utils/bib-formatter.ts:91-114,article is not serial record,Статический анализ; динамические доказательства отдельно в special-probes.json,article is not serial record,special-atoms.csv
SPECIAL-B23,bibliography,local-source-11: ГОСТ Р 7.0.100-2018 (local copy not published),G100:7.1; PDF p.96,При самостоятельном библиографическом списке и выбранном уровне описания; не переносить автоматически на затекстовую ссылку,component record structure,partial,src/features/markdown-parser/lib/utils/bib-formatter.ts:91-139,limited types,Статический анализ; динамические доказательства отдельно в special-probes.json,limited types,special-atoms.csv
SPECIAL-B24,bibliography,local-source-11: ГОСТ Р 7.0.100-2018 (local copy not published),G100:7.2; PDF p.98,При самостоятельном библиографическом списке и выбранном уровне описания; не переносить автоматически на затекстовую ссылку,component title/responsibility,partial,src/features/markdown-parser/lib/utils/bib-formatter.ts:91-139,no full conditional areas,Статический анализ; динамические доказательства отдельно в special-probes.json,no full conditional areas,special-atoms.csv
SPECIAL-B25,bibliography,local-source-11: ГОСТ Р 7.0.100-2018 (local copy not published),G100:7.3; PDF p.100,При самостоятельном библиографическом списке и выбранном уровне описания; не переносить автоматически на затекстовую ссылку,identifying resource title/responsibility,partial,src/features/markdown-parser/lib/utils/bib-formatter.ts:91-139,no full fields,Статический анализ; динамические доказательства отдельно в special-probes.json,no full fields,special-atoms.csv
SPECIAL-B26,bibliography,local-source-11: ГОСТ Р 7.0.100-2018 (local copy not published),G100:7.4; PDF p.102,При самостоятельном библиографическом списке и выбранном уровне описания; не переносить автоматически на затекстовую ссылку,component location/pages,partial,src/features/markdown-parser/lib/utils/bib-formatter.ts:377-387,no roman/no-page cases,Статический анализ; динамические доказательства отдельно в special-probes.json,no roman/no-page cases,special-atoms.csv
SPECIAL-B27,bibliography,local-source-11: ГОСТ Р 7.0.100-2018 (local copy not published),G100:7.5; PDF p.104,При самостоятельном библиографическом списке и выбранном уровне описания; не переносить автоматически на затекстовую ссылку,component notes,unsupported,src/features/markdown-parser/lib/utils/bib-formatter.ts:91-139,no structured notes,Статический анализ; динамические доказательства отдельно в special-probes.json,no structured notes,special-atoms.csv
SPECIAL-B28,bibliography,local-source-11: ГОСТ Р 7.0.100-2018 (local copy not published),G100:7.8; PDF p.110,При самостоятельном библиографическом списке и выбранном уровне описания; не переносить автоматически на затекстовую ссылку,review/abstract record,unsupported,src/features/markdown-parser/lib/utils/bib-formatter.ts:19-88,no type,Статический анализ; динамические доказательства отдельно в special-probes.json,no type,special-atoms.csv
SPECIAL-B29,bibliography,local-source-12: ГОСТ Р 7.0.108-2022 (local copy not published),G108:4.3; PDF p.9,При ссылке на общедоступный сетевой электронный документ соответствующего вида,electronic exact version,unsupported,src/features/markdown-parser/lib/utils/bib-formatter.ts:213-250,tests/bibliography/bib-gost.test.ts: URL rendering only,URL is rendered when supplied; equivalence to the cited version is not automatically verifiable.,"Синтаксис URL не доказывает, что он указывает на цитируемую версию; требуется сверка с объектом",special-atoms.csv
SPECIAL-B30,bibliography,local-source-12: ГОСТ Р 7.0.108-2022 (local copy not published),G108:5.3.1; PDF p.9,При ссылке на общедоступный сетевой электронный документ соответствующего вида,electronic primary title,partial,src/features/markdown-parser/lib/utils/bib-formatter.ts:29;213-250,no source-title validation,Статический анализ; динамические доказательства отдельно в special-probes.json,no source-title validation,special-atoms.csv
SPECIAL-B31,bibliography,local-source-12: ГОСТ Р 7.0.108-2022 (local copy not published),G108:5.3.4; PDF p.10,При ссылке на общедоступный сетевой электронный документ соответствующего вида,electronic volume/count,unsupported,src/features/markdown-parser/lib/utils/bib-formatter.ts:213-250,no field,Статический анализ; динамические доказательства отдельно в special-probes.json,no field,special-atoms.csv
SPECIAL-B32,bibliography,local-source-12: ГОСТ Р 7.0.108-2022 (local copy not published),G108:5.3.5; PDF p.10,При ссылке на общедоступный сетевой электронный документ соответствующего вида,system/access/update/restriction notes,partial,"bib-formatter.ts: присутствующие updated/republication/publicationdate/accessmode, URL и urldate",tests/bibliography/bib-gost.test.ts: ordered explicit online notes,Provided update/republication/publication/access metadata renders in the specified order.,Фактические сведения и специальные типы ресурсов требуют сверки с объектом,special-atoms.csv
SPECIAL-B33,bibliography,local-source-12: ГОСТ Р 7.0.108-2022 (local copy not published),G108:6.3; PDF p.13,При ссылке на общедоступный сетевой электронный документ соответствующего вида,legal/normative electronic reference,partial,src/features/markdown-parser/lib/utils/bib-formatter.ts:173-184,generic norm only,Статический анализ; динамические доказательства отдельно в special-probes.json,generic norm only,special-atoms.csv
SPECIAL-B34,bibliography,local-source-12: ГОСТ Р 7.0.108-2022 (local copy not published),G108:6.4; PDF p.13,При ссылке на общедоступный сетевой электронный документ соответствующего вида,electronic standard reference,unsupported,src/features/markdown-parser/lib/utils/bib-formatter.ts:173-184,no standard template,Статический анализ; динамические доказательства отдельно в special-probes.json,no standard template,special-atoms.csv
SPECIAL-B35,bibliography,local-source-12: ГОСТ Р 7.0.108-2022 (local copy not published),G108:6.7; PDF p.15,При ссылке на общедоступный сетевой электронный документ соответствующего вида,presentation reference,unsupported,src/features/markdown-parser/lib/utils/bib-formatter.ts:213-250,no type,Статический анализ; динамические доказательства отдельно в special-probes.json,no type,special-atoms.csv
SPECIAL-B36,bibliography,local-source-12: ГОСТ Р 7.0.108-2022 (local copy not published),G108:6.9; PDF p.16,При ссылке на общедоступный сетевой электронный документ соответствующего вида,image reference,unsupported,src/features/markdown-parser/lib/utils/bib-formatter.ts:213-250,no type,Статический анализ; динамические доказательства отдельно в special-probes.json,no type,special-atoms.csv
SPECIAL-B37,bibliography,local-source-12: ГОСТ Р 7.0.108-2022 (local copy not published),G108:6.10; PDF p.16,При ссылке на общедоступный сетевой электронный документ соответствующего вида,audiovisual reference,unsupported,src/features/markdown-parser/lib/utils/bib-formatter.ts:213-250,no type,Статический анализ; динамические доказательства отдельно в special-probes.json,no type,special-atoms.csv
SPECIAL-B38,bibliography,local-source-12: ГОСТ Р 7.0.108-2022 (local copy not published),G108:6.11; PDF p.18,При ссылке на общедоступный сетевой электронный документ соответствующего вида,computer program reference,unsupported,src/features/markdown-parser/lib/utils/bib-formatter.ts:213-250,no type,Статический анализ; динамические доказательства отдельно в special-probes.json,no type,special-atoms.csv
SPECIAL-B39,bibliography,local-source-12: ГОСТ Р 7.0.108-2022 (local copy not published),G108:6.12; PDF p.18,При ссылке на общедоступный сетевой электронный документ соответствующего вида,dataset reference,unsupported,src/features/markdown-parser/lib/utils/bib-formatter.ts:213-250,no type,Статический анализ; динамические доказательства отдельно в special-probes.json,no type,special-atoms.csv
SPECIAL-B40,bibliography,local-source-10: ГОСТ Р 7.0.5-2008 (local copy not published),G005:7.4; PDF p.9,Только при выборе нумерованной затекстовой ссылки,end-reference numbering,implemented,src/shared/config/sto-styles.ts:333-350; src/features/markdown-parser/lib/parser/handlers/sto-handler.ts:100-144,visual template comparison manual,Статический анализ; динамические доказательства отдельно в special-probes.json,visual template comparison manual,special-atoms.csv
SPECIAL-B41,bibliography,local-source-10: ГОСТ Р 7.0.5-2008 (local copy not published),G005:5; PDF p.7,При выборе соответствующего вида библиографической ссылки,in-text bibliographic description in parentheses,unsupported,citation parser,Numeric [N] is an end-reference call under G005:7.4.1 not a section 5 in-text description,Нормативная коррекция по G005:5.2 и 7.4.1,requires distinct parenthetical-description model,special-atoms.csv
SPECIAL-B42,bibliography,local-source-10: ГОСТ Р 7.0.5-2008 (local copy not published),G005:6; PDF p.8,При выборе соответствующего вида библиографической ссылки,footnote reference,unsupported,none,no footnote engine,Статический анализ; динамические доказательства отдельно в special-probes.json,no footnote engine,special-atoms.csv
SPECIAL-B43,bibliography,local-source-10: ГОСТ Р 7.0.5-2008 (local copy not published),G005:8; PDF p.12,При выборе соответствующего вида библиографической ссылки,repeated reference,unsupported,none,no repeat state,Статический анализ; динамические доказательства отдельно в special-probes.json,"Повторное использование номера [N] не реализует сокращённую повторную запись по ГОСТ Р 7.0.5, раздел 8",special-atoms.csv
SPECIAL-B44,bibliography,local-source-10: ГОСТ Р 7.0.5-2008 (local copy not published),G005:9; PDF p.23,При выборе соответствующего вида библиографической ссылки,complex reference,unsupported,none,no combined reference model,Статический анализ; динамические доказательства отдельно в special-probes.json,no combined reference model,special-atoms.csv
SPECIAL-B45,bibliography,local-source-10: ГОСТ Р 7.0.5-2008 (local copy not published),G005:10; PDF p.24,При выборе соответствующего вида библиографической ссылки,electronic reference note,partial,src/features/markdown-parser/lib/utils/bib-formatter.ts:426-445,not full G005 mode,Статический анализ; динамические доказательства отдельно в special-probes.json,not full G005 mode,special-atoms.csv
SPECIAL-B46,bibliography,local-source-10: ГОСТ Р 7.0.5-2008 (local copy not published),G005:11; PDF p.26,При выборе соответствующего вида библиографической ссылки,archival reference,unsupported,none,no type,Статический анализ; динамические доказательства отдельно в special-probes.json,no type,special-atoms.csv
SUP-A01,Применимость,local-source-21: Local academic-text formatting instruction,A01,Все отчёты,Шаблон реализует СТО и традиции кафедры; параметры не равны автоматически требованиям ГОСТ,source-rule,docs/architecture/dotm-template-style-audit.md,Чтение первоисточника,Чтение первоисточника,Для каждого численного отличия нужен отдельно нормативный или образцовый источник,local-only: supplement-matrix.md
SUP-A02,Применимость,local-source-21: Local academic-text formatting instruction,A02,Все отчёты,DOTM допустимо применять к разным учебным документам с заменой титула,partial,src/shared/lib/report-config.ts:13; src/widgets/title-page/lib/title-page.ts:372,Профили nir/coursework/lab; npm test PASS,Профили nir/coursework/lab; npm test PASS,Отдельного конструктора титула ВКР и других форм нет,local-only: supplement-matrix.md
SUP-A03,Применимость,local-source-22: Local laboratory-work formatting instruction,A03,Если назначена конкретная лабораторная,Реферат и библиография в ЛР2 намеренно отсутствуют,implemented,src/shared/lib/report-config.ts:137,Профиль lab без обязательного реферата и с when-cited; tests/scaffold/run_scaffold_tests.ts,Профиль lab без обязательного реферата и с when-cited; tests/scaffold/run_scaffold_tests.ts,Не переносить требования ЛР3 или НИР в lab по умолчанию,local-only: supplement-matrix.md
SUP-A04,Применимость,local-source-02: Local NIR report form,A04,Только работа по форме НИР 2025,Форма НИР перечисляет список источников обязательным,configuration-choice,src/shared/lib/report-config.ts:103; document.requireSources configurable,Чтение формы и профиля,Чтение формы и профиля,"Настройка конкретного отчёта, не дефект универсального defaults; не навязывать другим отчётам",local-only: supplement-matrix.md
SUP-A05,Применимость,local-source-14: Local qualification-work formatting guide,A05,Все отчёты,Методичка разрешает bold в заголовках при буквальном общем запрете СТО,source-conflict,src/shared/config/sto-heading-styles.ts:36,DOTM и методичка; спорный нормативный слой,DOTM и методичка; спорный нормативный слой,Не считать все bold автоматически багом; записать исключение и источник для каждого контекста,local-only: supplement-matrix.md
SUP-A06,Применимость,local-source-02: Local NIR report form,A06,Когда есть конкретное задание,Заголовки этапов совпадают с заданием; заключение содержит результаты и при наличии публикации/доклады,manual-conditional,Нет модели задания в generic parser,Чтение формы,Чтение формы,"Это содержательная проверка конкретной работы, не универсальная структура",local-only: supplement-matrix.md
SUP-T01,Формы,local-source-02: Local NIR report form,T01,Стандартный титул НИР,src/widgets/title-page/lib/title-page.ts воспроизводит основную геометрию заполненного титула,partial,src/widgets/title-page/lib/title-page.ts:372,tests/generator/title_page_metadata_test.ts:49; paragraph-evidence.json,tests/generator/title_page_metadata_test.ts:49; paragraph-evidence.json,Тест метаданных не сравнивает все координаты с официальной формой,local-only: supplement-matrix.md
SUP-T02,Формы,local-source-02: Local NIR report form,T02,Титул НИР,"Шапка 12 pt, разделённые строки и интервалы",partial,src/widgets/title-page/lib/title-page.ts:22; src/widgets/title-page/lib/title-page.ts:29; src/widgets/title-page/lib/title-page.ts:406,"paragraph-evidence.json; generated style=14pt, direct run=12pt","paragraph-evidence.json; generated style=14pt, direct run=12pt",Нельзя считать base style 14pt фактическим размером титула; нужен построчный сравнительный эталон,local-only: supplement-matrix.md
SUP-T03,Формы,local-source-02: Local NIR report form,T03,Титул с подписями,"Положение подписей, пустые абзацы, интервалы и даты",partial,src/widgets/title-page/lib/title-page.ts:583,paragraph-evidence.json: left=5670twips=100.0125mm; word-page-1.png,paragraph-evidence.json: left=5670twips=100.0125mm; word-page-1.png,Не измерено равенство с тем же заполненным официальным титулом; пробелы в подписи хрупки,local-only: supplement-matrix.md
SUP-T04,Формы,Local audit source (not published),T04,Титул произвольной работы,Название типа документа и темы не должны навязывать НИР,partial,src/widgets/title-page/lib/title-page.ts:372; src/widgets/title-page/lib/title-page.ts:516,tests/generator/title_page_metadata_test.ts; npm test PASS,tests/generator/title_page_metadata_test.ts; npm test PASS,"Общий fallback topicPrefix остаётся НИР; автору нужен соответствующий metadata, тесты всех профилей геометрию не доказывают",local-only: supplement-matrix.md
SUP-T05,Формы,local-source-14: Local qualification-work formatting guide,T05,Титул ВКР бакалавра,Титул ВКР бакалавра: собственная структура,missing,Нет профиля vkr в src/shared/lib/report-config.ts:13,read-only symbol search; DOTM body содержит образец,read-only symbol search; DOTM body содержит образец,"Нужен условный вариант титула, без изменения лабораторных/НИР",local-only: supplement-matrix.md
SUP-T06,Формы,local-source-14: Local qualification-work formatting guide,T06,Титул ВКР магистра,Использовать отдельный образец титула магистра,missing,Нет отдельного constructor,Чтение инструкции,Чтение инструкции,Выбор формы и метаданных без копирования служебных подсказок,local-only: supplement-matrix.md
SUP-T07,Формы,local-source-14: Local qualification-work formatting guide,T07,Задание на ВКР,Отдельное задание и образцы бакалавра/магистра,partial,src/app/report-workflow.ts:116 generic frontMatterDocx,tests/generator/front_matter_docx_test.ts использует синтетическое задание,tests/generator/front_matter_docx_test.ts использует синтетическое задание,Вставка стороннего body не эквивалентна заполнению и точному переносу формы,local-only: supplement-matrix.md
SUP-T08,Формы,local-source-04: Local NIR plan form,T08,План НИР,"Индивидуальный план, задание, календарные/оценочные таблицы",missing-conditional,Специализированного генератора нет,Источник скачан; текст извлечён,Источник скачан; текст извлечён,Не внедрять в generic отчёт автоматически,local-only: supplement-matrix.md
SUP-T09,Формы,local-source-03: Local NIR review form,T09,Отзыв руководителя,Отдельная форма отзыва,missing-conditional,Специализированного генератора нет,Источник скачан; текст извлечён,Источник скачан; текст извлечён,"Вне основного formatting engine, но источник проиндексирован",local-only: supplement-matrix.md
SUP-T10,Формы,local-source-09: Local NIR statement form,T10,Заявление НИР,Отдельная форма заявления,missing-conditional,Специализированного генератора нет,Источник скачан; текст извлечён,Источник скачан; текст извлечён,Опциональный документ комплекта,local-only: supplement-matrix.md
SUP-T11,Формы,Local DOTM template (semantics audited; file omitted),T11,Практика,Титул практики отличается от общего титула,partial,src/widgets/title-page/lib/title-page.ts; src/widgets/title-page/lib/title-page-metadata.ts,tests/generator/title_page_metadata_test.ts: synthetic practice metadata,Practice title uses explicit metadata and generic roles without private organization/date defaults.,Template-specific practice title parity needs acceptance on an explicit fixture.,local-only: supplement-matrix.md
SUP-T12,Импорт DOCX,Local audit source (not published),T12,Если задан frontMatterDocx,Вставка формы до реферата,partial,src/shared/lib/docx-archive.ts:752,tests/generator/front_matter_docx_test.ts; npm test PASS,tests/generator/front_matter_docx_test.ts; npm test PASS,Вставка не заменяет уже созданный титул и не является произвольным слиянием DOCX,local-only: supplement-matrix.md
SUP-T13,Импорт DOCX,Local audit source (not published),T13,Импорт форматированной формы,Сохранение стилей и прямого форматирования формы,partial,normalizeFrontMatterElement преобразует абзацы/таблицы,"Чтение кода: импортирует document body, не полный style/numbering package","Чтение кода: импортирует document body, не полный style/numbering package","Нет гарантии всех исходных pPr/rPr, размеров и разрывов; нужен roundtrip snapshot официальной формы",local-only: supplement-matrix.md
SUP-T14,Импорт DOCX,Local audit source (not published),T14,Форма с изображением/relationship,Поддержка связанных частей формы,unsupported,Relationship-bound content явно отклоняется,Явная проверка в коде,Явная проверка в коде,"Это честное ограничение, не молчаливая поддержка любых DOCX",local-only: supplement-matrix.md
SUP-T15,Импорт DOCX,Local audit source (not published),T15,Таблицы во вставленной форме,Сохранение геометрии таблиц формы,partial,"Удаляет tcW, меняет hRule на atLeast; отдельные эвристики подписей",tests/generator/front_matter_docx_test.ts,tests/generator/front_matter_docx_test.ts,"Адаптация доказана кодом, визуальная эквивалентность исходнику не доказана",local-only: supplement-matrix.md
SUP-T16,Формы,local-source-21: Local academic-text formatting instruction,T16,Красные заполнители образцов,"Заменить подсказки, убрать красный цвет и примечания",manual-conditional,Нет универсальной проверки всех imported run colors,paragraph-evidence.json,paragraph-evidence.json,Не копировать красные инструкции как нормативный стиль,local-only: supplement-matrix.md
SUP-I01,Шаблон,local-source-21: Local academic-text formatting instruction,I01,Применение стиля,"Использовать исходный стиль, а не случайную модификацию",partial,17 display name mappings,tests/validator/dotm_style_contract_test.ts:100,tests/validator/dotm_style_contract_test.ts:100,Имя не доказывает отсутствие direct formatting override,local-only: supplement-matrix.md
SUP-I02,Шаблон,local-source-21: Local academic-text formatting instruction,I02,Контекстные исключения,Разрешены ручные коррекции отступов/spacing/font при соблюдении СТО,source-rule,Рендерер содержит прямое форматирование,Чтение инструкции,Чтение инструкции,Каждое исключение должно иметь контекст и обоснование,local-only: supplement-matrix.md
SUP-I03,Реферат,local-source-21: Local academic-text formatting instruction,I03,Если есть ключевые слова,Интервалы до/после списка ключевых слов,partial,src/shared/config/sto-rules.json:77; parser sto-handler,"paragraph-evidence.json: before=360twips (18pt), after=240twips (12pt); word-page-2.png","paragraph-evidence.json: before=360twips (18pt), after=240twips (12pt); word-page-2.png",Числа совпадают с DOTM; нужна проверка фактических paragraph overrides и переноса страницы,local-only: supplement-matrix.md
SUP-I04,Реферат,local-source-25: Local referat example,I04,Использование самостоятельного образца,После вставки к словам применить +КлючСловаРеферат,source-conflict,Рендерер использует Normal + direct properties,"paragraph-evidence.json: specimen firstLine=720twips, generator=709","paragraph-evidence.json: specimen firstLine=720twips, generator=709","Разница 11twips=0.194028mm; образец прямо просит применить DOTM стиль, поэтому 720 не основание менять 709",local-only: supplement-matrix.md
SUP-I05,Реферат,local-source-25: Local referat example,I05,Пустые строки вокруг ключевых слов,Разделять пустые абзацы образца и интервалы стиля,unverified-layout,Generator emits spacing without the sample blank paragraphs,paragraph-evidence.json,paragraph-evidence.json,Нельзя складывать произвольные пустые строки образца и spacing DOTM; нужен одинаковый текст и согласованный эталон,local-only: supplement-matrix.md
SUP-I06,Содержание,local-source-21: Local academic-text formatting instruction,I06,Если есть содержание,Заголовки РЕФЕРАТ/СОДЕРЖАНИЕ не включаются в TOC,verified-sample,src/features/markdown-parser/lib/parser/handlers/sto-handler.ts:52,tests/generator/toc_regression.ts; fresh Word PDF page 3,tests/generator/toc_regression.ts; fresh Word PDF page 3,"Проверен один документ, не все составы",local-only: supplement-matrix.md
SUP-I07,Содержание,local-source-21: Local academic-text formatting instruction,I07,Если есть содержание,Пункты Введение/Заключение/Источники обычным регистром,verified-sample,"Исходный text sentence case, caps style heading",fresh Word PDF page 3; tests/generator/toc_regression.ts,fresh Word PDF page 3; tests/generator/toc_regression.ts,Нет сравнительной пиксельной проверки всех уровней и длинных строк,local-only: supplement-matrix.md
SUP-I08,Содержание,local-source-21: Local academic-text formatting instruction,I08,Если есть приложения,"Приложение А. Название в TOC, точка после буквы",verified-sample,src/features/markdown-parser/lib/parser/handlers/appendix-toc-field.ts; sto-handler.ts,tests/parser/appendix_parser_tests.ts; .agent-work/backtest-2026-09-25/appendix-complex-generated.accepted.docx; appendix-complex-generated.accepted.accepted.docx; .agent-work/backtest-2026-09-25/appendix-two.accepted.docx,Exact Приложение А. Расчётные данные entry and page 9 survive two full Word updates; visible heading is separate. Separate Б entry appears on page 10.,Long titles and additional appendix forms require native acceptance.,local-only: supplement-matrix.md
SUP-I09,Приложения,local-source-21: Local academic-text formatting instruction,I09,Заголовок приложения,"ПРИЛОЖЕНИЕ А и название через Shift+Enter, один styled paragraph",partial,src/features/markdown-parser/lib/parser/handlers/sto-handler.ts; src/shared/config/sto-styles.ts,tests/parser/appendix_parser_tests.ts: one paragraph and w:br; .agent-work/backtest-2026-09-25/appendix-complex-generated.accepted.docx; .agent-work/backtest-2026-09-25/appendix-two.accepted.docx,Visible label and title stay in one styled paragraph with a soft break after native Word update; order is preserved.,Local DOTM style parity on additional forms remains unverified.,local-only: supplement-matrix.md
SUP-I10,Содержание,local-source-21: Local academic-text formatting instruction,I10,Повторное обновление TOC,Ручное изменение регистра/точки может теряться после полного обновления,verified-sample,src/app/word-acceptance-integrity.ts; src/features/markdown-parser/lib/parser/handlers/appendix-toc-field.ts,tests/workflow/word_acceptance_integrity_test.ts; .agent-work/backtest-2026-09-25/appendix-complex-generated.acceptance.json; appendix-complex-generated.accepted.acceptance.json,"Two full Word updates preserve the exact TOC entry, 9-page count, and body order; old simple-field corruption is rejected.",More appendix compositions and template parity remain unverified.,local-only: supplement-matrix.md
SUP-I11,Размещение,local-source-21: Local academic-text formatting instruction,I11,Рисунки и подписи,Рисунок и подпись на одной странице,verified-sample,"Generator keep settings, XML adjacency",fresh Word PDF pages 5–6; word-page-6.png,fresh Word PDF pages 5–6; word-page-6.png,Нет stress test крупного рисунка/многострочной подписи у конца страницы,local-only: supplement-matrix.md
SUP-I12,Размещение,local-source-21: Local academic-text formatting instruction,I12,Таблицы и подписи,Подпись над таблицей не отрывается от первой строки,verified-sample,TableCaption keepNext,fresh Word PDF page 5; tests/parser/table_layout.test.ts,fresh Word PDF page 5; tests/parser/table_layout.test.ts,Не доказаны все split-table случаи,local-only: supplement-matrix.md
SUP-I13,Размещение,local-source-21: Local academic-text formatting instruction,I13,Любые соседние объекты,Объекты не должны прилипать друг к другу,unverified-layout,Caption spacing; table paragraph formatting,word-page-5.png,word-page-5.png,"Нет измеряемого context contract table→text, table→table, figure→table, formula→where и границ страниц",local-only: supplement-matrix.md
SUP-I14,Размещение,local-source-21: Local academic-text formatting instruction,I14,Заголовки,Не оставлять заголовок без следующего текста на странице,partial,Numbered headings keepNext; structural template lacks keepNext,Template conformance checks,Template conformance checks,Нужно отдельное обоснование/проверка структурного заголовка и общего совета не оставлять висящие заголовки,local-only: supplement-matrix.md
SUP-I15,Размещение,local-source-21: Local academic-text formatting instruction,I15,Многостраничная таблица,Продолжение таблицы N над последующими частями,partial,tblHeader repeat is implemented; label synthesis missing,tests/parser/table_layout.test.ts; source audit,tests/parser/table_layout.test.ts; source audit,Повтор заголовочной строки не заменяет подпись Продолжение таблицы,local-only: supplement-matrix.md
SUP-C01,Код,Local audit source (not published),C01,Fenced code block,Сохранять буквальный текст листинга,defect-reproduced,src/features/markdown-parser/lib/parser.ts:236,probe-code.ts → code-probe.json: &amp; превращено в &,probe-code.ts → code-probe.json: &amp; превращено в &,"HTML entity decoding изменяет исходный код, нужен lossless roundtrip",local-only: supplement-matrix.md
SUP-C02,Код,Local audit source (not published),C02,URL в листинге,Не внедрять скрытые символы в строки кода,defect-reproduced,src/features/markdown-parser/lib/parser.ts:248,code-probe.json: https:// превращено в https\u200b://,code-probe.json: https:// превращено в https\u200b://,"Автоцвет URL следует контролировать оформлением/настройкой, не изменением строкового значения",local-only: supplement-matrix.md
SUP-C03,Код,Local audit source (not published),C03,Fenced code block,"Courier New 10pt — отдельная инженерная адаптация, не найденная норма СТО",unjustified-adaptation,src/features/markdown-parser/lib/parser.ts:257,"code-probe.json: w:sz=20, Courier New","code-probe.json: w:sz=20, Courier New",Нужен источник/контекст для моноширинного 10pt; не объявлять всякий code block соответствующим общему 12–14pt TNR,local-only: supplement-matrix.md
SUP-C04,Код,Local audit source (not published),C04,Fenced code block,"Single line, left=0 firstLine=0, before/after=0",unjustified-adaptation,src/features/markdown-parser/lib/parser.ts:264,code-probe.json XML,code-probe.json XML,"Нужны утверждённые параметры блока, отдельно от Normal",local-only: supplement-matrix.md
SUP-C05,Код,Local audit source (not published),C05,Inline code,Courier New поверх основного шрифта,unverified-policy,src/features/markdown-parser/lib/parser/handlers/inline-parser.ts:68,baseline DOCX contains Courier New; validator still passes,baseline DOCX contains Courier New; validator still passes,Отдельное правило для идентификаторов и inline literals,local-only: supplement-matrix.md
SUP-C06,Код,Local audit source (not published),C06,Отступы и строки листинга,Сохранять leading spaces и line breaks,verified-probe,src/features/markdown-parser/lib/parser.ts:252,probe-code.json: 4 leading spaces preserved; breaks encoded,probe-code.json: 4 leading spaces preserved; breaks encoded,"Табуляция, пустые строки, Unicode indentation не проверены этим примером",local-only: supplement-matrix.md
SUP-C07,Код,Local audit source (not published),C07,Длинная строка/многостраничный листинг,"Не выходить за поля, не разрушать код переносом",unverified-layout,Нет layout-specific code validator,Чтение renderer,Чтение renderer,"Нужны длинная строка, мягкий перенос, подпись листинга, продолжение и приложение",local-only: supplement-matrix.md
SUP-C08,Код,Local audit source (not published),C08,Правила пунктуации обычного текста,Не применять языковые правила прозы к literal code,implemented,Source masking and code-specific cases,npm test PASS,npm test PASS,"Это не доказывает literal preservation в DOCX, см. C01/C02",local-only: supplement-matrix.md
SUP-V01,Верификация,Local audit source (not published),V01,Любой body paragraph,"Проверять фактические left/right/firstLine, не только style",defect-reproduced,src/shared/lib/sto-validator.ts:669,validator-probes.json: 1twip и 567twips mutations accepted,validator-probes.json: 1twip и 567twips mutations accepted,Решать каскад docDefaults→style→numbering→direct pPr и проверять effective значения,local-only: supplement-matrix.md
SUP-V02,Верификация,Local audit source (not published),V02,Любой body paragraph,Проверять фактический lineRule/line,defect-reproduced,src/shared/lib/sto-validator.ts:669,validator-probes.json: 359/240 auto accepted,validator-probes.json: 359/240 auto accepted,"360 auto = 1.5 line, не 18pt; ошибка в единицах даёт ложную точность",local-only: supplement-matrix.md
SUP-V03,Верификация,Local DOTM template (semantics audited; file omitted),V03,Любой body paragraph,Проверять фактические before/after,defect-reproduced,src/shared/lib/sto-validator.ts:669,validator-probes.json: after=1 и after=480 accepted,validator-probes.json: after=1 и after=480 accepted,Нужен effective paragraph check и rules для допустимых контекстов,local-only: supplement-matrix.md
SUP-V04,Верификация,Local audit source (not published),V04,Документ с рефератом/счётчиками,Не оставлять {{PAGES}}/{{FIGURES}}/{{TABLES}}/{{SOURCES}},verified-sample,scripts/word_acceptance.ps1:320-357; scripts/word_acceptance.ps1:513,"Word acceptance rejects remaining statistic tokens before and after reopen; NIR and coursework accepted DOCX contain none","Replacement and fail-closed check verified on NIR and coursework samples",Other document compositions and PDF text extraction remain outside this sample,local-only: supplement-matrix.md
SUP-V05,Верификация,Local audit source (not published),V05,Native Word output,"Открыть, обновить TOC/fields, сохранить, reopen, экспортировать PDF",verified-sample,scripts/word_acceptance.ps1:418,"probe-baseline.acceptance.json: 8→8, hash match, cleanup verified","probe-baseline.acceptance.json: 8→8, hash match, cleanup verified",Не выдавать accepted за нормативную или визуальную эквивалентность шаблону,local-only: supplement-matrix.md
SUP-V06,Верификация,Local audit source (not published),V06,Все источники,Идентифицировать файл до сравнения,verified-inventory,SHA256 + page count + package inventory,29 бинарных материалов + README,29 бинарных материалов + README,"Scanned STO использует OCR и визуальную сверку; текстовый extract пуст, это не отсутствие требований",local-only: supplement-matrix.md
SUP-V07,Верификация,Local audit source (not published),V07,Pixel comparison,"Один текст, одинаковая версия Word/fonts/printer, размер/DPI и объектные anchors",missing-test,Полного golden fixture suite нет,Fresh Word render только одного generic примера,Fresh Word render только одного generic примера,Без одинакового содержания пиксельный diff не отделяет текст/переносы от formatting drift,local-only: supplement-matrix.md
SUP-V08,Применимость,Local audit source (not published),V08,Презентация/доклад,Слайды имеют отдельную область требований,out-of-scope,Вне DOCX formatting engine,Файлы проиндексированы,Файлы проиндексированы,Не переносить оформление слайдов в документ; оставить отдельным условным комплектом,local-only: supplement-matrix.md
